느낌 짖눌러지는 머리가,0
머리가 짖눌러지는 느낌,0
머리가 느낌 짖눌러지는,0
짖눌러지는 머리가 느낌,0
맑지 머리가 않다,0
머리가 맑지 않다,0
않다 맑지 머리가,0
재미없다는 슬프고 매일 생각,0
매일 생각 재미없다는 슬프고,0
매일 재미없다는 슬프고 생각,0
생각 슬프고 재미없다는 매일,0
매일 슬프고 재미없다는 생각,0
슬프고 매일 재미없다는 생각,0
매일 슬프고 생각 재미없다는,0
울적하다 하루종일,0
하루종일 울적하다,0
이유없이 난다 많이 눈물이,0
이유없이 눈물이 많이 난다,0
이유없이 많이 눈물이 난다,0
이유없이 눈물이 난다 많이,0
난다 눈물이 많이 이유없이,0
눈물이 이유없이 많이 난다,0
며칠이고 운다 하염없이,0
하염없이 며칠이고 운다,0
며칠이고 하염없이 운다,0
운다 하염없이 며칠이고,0
운다 몇시간씩,0
몇시간씩 운다,0
난다 아무때나 눈물이,0
눈물이 아무때나 난다,0
아무때나 눈물이 난다,0
눈물이 난다 아무때나,0
운다 매일,0
매일 운다,0
너무 외롭다,0
외롭다 너무,0
쓸쓸하다,0
탄다 잘 외로움을,0
잘 외로움을 탄다,0
외로움을 잘 탄다,0
외로움을 탄다 잘,0
어울리고 친구들과 집에오면 외롭다,0
외롭다 어울리고 집에오면 친구들과,0
친구들과 외롭다 집에오면 어울리고,0
집에오면 어울리고 친구들과 외롭다,0
친구들과 집에오면 어울리고 외롭다,0
친구들과 어울리고 집에오면 외롭다,0
원망스럽다,0
속앓이를 한다,0
한다 속앓이를,0
화가 난다,0
난다 화가,0
없다 수 참을,0
참을 수 없다,0
수 참을 없다,0
참을 없다 수,0
억압하고 살아왔다,0
살아왔다 억압하고,0
늘 내가 지내는 참고 느낌,0
늘 지내는 참고 내가 느낌,0
내가 늘 참고 지내는 느낌,0
느낌 내가 참고 지내는 늘,0
늘 내가 느낌 지내는 참고,0
늘 내가 참고 지내는 느낌,0
늘 느낌 참고 지내는 내가,0
답답하다,0
괴롭다 정말,0
정말 괴롭다,0
화가 치밀어 오르다,0
치밀어 화가 오르다,0
오르다 치밀어 화가,0
화가 오르다 치밀어,0
흥이 안난다,0
안난다 흥이,0
없다 재미가,0
재미가 없다,0
쳇바퀴 도는 일상 같은 것,0
같은 도는 것 쳇바퀴 일상,0
쳇바퀴 같은 것 도는 일상,0
쳇바퀴 도는 것 일상 같은,0
쳇바퀴 도는 것 같은 일상,0
쳇바퀴 도는 같은 것 일상,0
사는게 없다 재미가,0
재미가 사는게 없다,0
사는게 재미가 없다,0
없다 재미가 사는게,0
힘겹다 사는게,0
사는게 힘겹다,0
기운이 빠지다,0
빠지다 기운이,0
없다 기운이,0
기운이 없다,0
늘 기운이 없어보인다,0
기운이 늘 없어보인다,0
없어보인다 기운이 늘,0
늘 없어보인다 기운이,0
기운이 빠지고 쫙,0
쫙 기운이 빠지고,0
기운이 쫙 빠지고,0
빠지고 쫙 기운이,0
힘들다 막연하게,0
막연하게 힘들다,0
간신히 버티고 있다,0
있다 버티고 간신히,0
버티고 간신히 있다,0
간신히 있다 버티고,0
기분이 다운되어있다 항상,0
기분이 항상 다운되어있다,0
항상 기분이 다운되어있다,0
다운되어있다 항상 기분이,0
기분이 가라앉는다,0
가라앉는다 기분이,0
축처진다,0
늘어진다,0
아무것도 귀찮아서 못하겠다,0
귀찮아서 못하겠다 아무것도,0
못하겠다 아무것도 귀찮아서,0
귀찮아서 아무것도 못하겠다,0
다 만사가 귀찮다,0
만사가 귀찮다 다,0
귀찮다 다 만사가,0
만사가 다 귀찮다,0
가만히 있고만 싶다,0
싶다 있고만 가만히,0
있고만 가만히 싶다,0
가만히 싶다 있고만,0
아무것도 할 수 없고,0
아무것도 없고 수 할,0
아무것도 할 없고 수,0
수 할 아무것도 없고,0
없고 할 수 아무것도,0
아무 싫다 하기 것도,0
것도 아무 하기 싫다,0
하기 것도 아무 싫다,0
싫다 것도 하기 아무,0
아무 하기 것도 싫다,0
아무 것도 하기 싫다,0
몸에 없다 힘이,0
없다 힘이 몸에,0
몸에 힘이 없다,0
힘이 몸에 없다,0
혼자 많다 빠져있을 때가 생각에,0
혼자 빠져있을 생각에 때가 많다,0
많다 생각에 빠져있을 때가 혼자,0
혼자 생각에 빠져있을 때가 많다,0
혼자 생각에 많다 때가 빠져있을,0
혼자 생각에 빠져있을 많다 때가,0
생각에 혼자 빠져있을 때가 많다,0
지냈다 말없이 거의,0
거의 지냈다 말없이,0
거의 말없이 지냈다,0
말없이 거의 지냈다,0
있다 할 때가 혼잣말을,0
혼잣말을 있다 때가 할,0
때가 할 혼잣말을 있다,0
혼잣말을 때가 할 있다,0
할 혼잣말을 때가 있다,0
혼잣말을 할 때가 있다,0
혼잣말을 할 있다 때가,0
사람을 피하게 된다,0
사람을 된다 피하게,0
된다 피하게 사람을,0
피하게 사람을 된다,0
곳 많은 사람들 가기 싫다,0
많은 사람들 곳 가기 싫다,0
사람들 많은 싫다 가기 곳,0
사람들 가기 곳 많은 싫다,0
사람들 많은 곳 가기 싫다,0
사람들 많은 곳 싫다 가기,0
가기 많은 곳 사람들 싫다,0
실망스러운 인간관계에 느낌,0
느낌 실망스러운 인간관계에,0
인간관계에 느낌 실망스러운,0
인간관계에 실망스러운 느낌,0
내가 다른 사람들과 같다 다른 것 매우,0
다른 다른 사람들과 매우 내가 것 같다,0
내가 다른 사람들과 다른 매우 것 같다,0
내가 다른 사람들과 매우 다른 것 같다,0
것 다른 사람들과 매우 다른 내가 같다,0
내가 다른 사람들과 매우 다른 같다 것,0
내가 매우 사람들과 다른 다른 것 같다,0
내가 다른 다른 매우 사람들과 것 같다,0
다른 내가 사람들과 매우 다른 것 같다,0
다른 사람의 의도를 어렵다 이해하기,0
다른 이해하기 의도를 사람의 어렵다,0
다른 사람의 의도를 이해하기 어렵다,0
사람의 다른 의도를 이해하기 어렵다,0
어렵다 사람의 의도를 이해하기 다른,0
다른 어렵다 의도를 이해하기 사람의,0
안된다 잘 공감도,0
공감도 잘 안된다,0
공감도 안된다 잘,0
잘 공감도 안된다,0
없다 의욕이 매사에,0
의욕이 매사에 없다,0
매사에 없다 의욕이,0
매사에 의욕이 없다,0
없다 의욕이 매일,0
의욕이 매일 없다,0
매일 없다 의욕이,0
매일 의욕이 없다,0
이유없는 무기력감,0
무기력감 이유없는,0
무기력하다 무겁고 마음이,0
마음이 무겁고 무기력하다,0
마음이 무기력하다 무겁고,0
무겁고 마음이 무기력하다,0
집에만 있게된다,0
있게된다 집에만,0
있고싶다 집에만,0
집에만 있고싶다,0
외출을 거의 않는다 하지,0
외출을 않는다 하지 거의,0
외출을 하지 거의 않는다,0
않는다 거의 하지 외출을,0
거의 외출을 하지 않는다,0
외출을 거의 하지 않는다,0
외출하기 싫다,0
싫다 외출하기,0
거의 인터넷만 하루종일 한다,0
하루종일 거의 인터넷만 한다,0
인터넷만 하루종일 거의 한다,0
거의 하루종일 인터넷만 한다,0
거의 한다 인터넷만 하루종일,0
거의 하루종일 한다 인터넷만,0
하루종일 누워있다 TV보며,0
누워있다 TV보며 하루종일,0
하루종일 TV보며 누워있다,0
TV보며 하루종일 누워있다,0
혼자 누워있는 것 외에 아무것도 하기 싫다,0
하기 누워있는 것 외에 아무것도 혼자 싫다,0
혼자 하기 것 외에 아무것도 누워있는 싫다,0
누워있는 혼자 것 외에 아무것도 하기 싫다,0
혼자 누워있는 것 하기 아무것도 외에 싫다,0
혼자 외에 것 누워있는 아무것도 하기 싫다,0
혼자 누워있는 하기 외에 아무것도 것 싫다,0
혼자 누워있는 것 싫다 아무것도 하기 외에,0
혼자 누워있는 외에 것 아무것도 하기 싫다,0
식욕이 없다,0
없다 식욕이,0
위가 아프다,0
아프다 위가,0
하루에 한 먹는다 끼,0
한 하루에 끼 먹는다,0
먹는다 한 끼 하루에,0
끼 한 하루에 먹는다,0
하루에 먹는다 끼 한,0
하루에 한 끼 먹는다,0
감소 감소하여 체중도 식욕이,0
감소하여 식욕이 체중도 감소,0
식욕이 감소 체중도 감소하여,0
체중도 감소하여 식욕이 감소,0
식욕이 체중도 감소하여 감소,0
식욕이 감소하여 체중도 감소,0
식욕이 감소하여 감소 체중도,0
많이 빠지고 머리카락도 체중이 빠졌다,0
체중이 많이 머리카락도 빠지고 빠졌다,0
체중이 빠지고 머리카락도 많이 빠졌다,0
체중이 머리카락도 빠지고 많이 빠졌다,0
머리카락도 빠지고 체중이 많이 빠졌다,0
빠지고 체중이 머리카락도 많이 빠졌다,0
빠졌다 빠지고 머리카락도 많이 체중이,0
체중이 생리는 빠지고 6개월 째 안하는 중,0
6개월 빠지고 생리는 체중이 째 안하는 중,0
체중이 6개월 생리는 빠지고 째 안하는 중,0
체중이 빠지고 생리는 6개월 중 안하는 째,0
체중이 빠지고 생리는 째 6개월 안하는 중,0
체중이 빠지고 생리는 6개월 째 안하는 중,0
체중이 중 생리는 6개월 째 안하는 빠지고,0
체중이 빠지고 째 6개월 생리는 안하는 중,0
체중이 빠지고 생리는 6개월 안하는 째 중,0
빠지고 살이 이유없이,0
이유없이 살이 빠지고,0
이유없이 빠지고 살이,0
식욕이 너무 없어서 촉진제를 식욕 먹었다,0
촉진제를 너무 없어서 식욕 식욕이 먹었다,0
식욕이 너무 없어서 먹었다 촉진제를 식욕,0
너무 식욕이 없어서 식욕 촉진제를 먹었다,0
식욕이 너무 촉진제를 식욕 없어서 먹었다,0
식욕이 너무 없어서 식욕 촉진제를 먹었다,0
없어서 너무 식욕이 식욕 촉진제를 먹었다,0
먹었다 너무 없어서 식욕 촉진제를 식욕이,0
반공기정도 한끼에,0
한끼에 반공기정도,0
있다 먹고 죽,0
죽 먹고 있다,0
죽 있다 먹고,0
먹고 죽 있다,0
밥을 하나 먹어야 하는 생각이 든다,0
생각이 먹어야 하나 하는 밥을 든다,0
밥을 먹어야 하나 하는 생각이 든다,0
밥을 먹어야 하나 든다 생각이 하는,0
밥을 먹어야 든다 하는 생각이 하나,0
하는 먹어야 하나 밥을 생각이 든다,0
밥을 먹어야 하는 하나 생각이 든다,0
든다 먹어야 하나 하는 생각이 밥을,0
밥을 먹어야 생각이 하는 하나 든다,0
수동적으로 차려주면 먹는다,0
먹는다 수동적으로 차려주면,0
차려주면 수동적으로 먹는다,0
밥밧을 모르겠다,0
모르겠다 밥밧을,0
혼자 있으면 거의 안 먹는다 먹고 씹던 하다가 버리고 음식 토하기 시작함,0
혼자 있으면 거의 안 먹는다 먹고 하다가 음식 버리고 씹던 토하기 시작함,0
혼자 있으면 거의 안 먹는다 먹고 씹던 음식 버리고 하다가 토하기 시작함,0
씹던 있으면 거의 안 먹는다 먹고 혼자 음식 버리고 하다가 토하기 시작함,0
혼자 있으면 거의 안 먹는다 토하기 씹던 음식 버리고 하다가 먹고 시작함,0
시작함 있으면 거의 안 먹는다 먹고 씹던 음식 버리고 하다가 토하기 혼자,0
혼자 있으면 거의 안 먹는다 먹고 버리고 음식 씹던 하다가 토하기 시작함,0
혼자 있으면 거의 안 토하기 먹고 씹던 음식 버리고 하다가 먹는다 시작함,0
한 하루에 보통 번씩 토한다,0
보통 하루에 한 번씩 토한다,0
보통 한 하루에 번씩 토한다,0
보통 하루에 번씩 한 토한다,0
보통 토한다 한 번씩 하루에,0
괜찮다가도 먹고 많이 갑자기 토한다,0
괜찮다가도 갑자기 많이 토한다 먹고,0
괜찮다가도 많이 갑자기 먹고 토한다,0
토한다 갑자기 많이 먹고 괜찮다가도,0
괜찮다가도 갑자기 많이 먹고 토한다,0
괜찮다가도 갑자기 토한다 먹고 많이,0
많이 갑자기 괜찮다가도 먹고 토한다,0
예전보다 자꾸 먹고 더 음식이 싶어진다,0
예전보다 자꾸 싶어진다 더 먹고 음식이,0
자꾸 예전보다 음식이 더 먹고 싶어진다,0
먹고 자꾸 음식이 더 예전보다 싶어진다,0
예전보다 싶어진다 음식이 더 먹고 자꾸,0
예전보다 자꾸 음식이 더 먹고 싶어진다,0
예전보다 자꾸 음식이 먹고 더 싶어진다,0
예전보다 자꾸 음식이 더 싶어진다 먹고,0
음식이 자꾸 예전보다 더 먹고 싶어진다,0
허겁지겁 먹는다,0
먹는다 허겁지겁,0
폭식증이 있다,0
있다 폭식증이,0
기분이 식욕과 울적하면 상관 없이 폭식,0
폭식 울적하면 식욕과 상관 없이 기분이,0
기분이 울적하면 식욕과 폭식 없이 상관,0
기분이 울적하면 식욕과 없이 상관 폭식,0
기분이 울적하면 식욕과 상관 없이 폭식,0
상관 울적하면 식욕과 기분이 없이 폭식,0
없이 울적하면 식욕과 상관 기분이 폭식,0
식욕과 울적하면 기분이 상관 없이 폭식,0
식욕이 증가한다,0
증가한다 식욕이,0
하루종일 잔다,0
잔다 하루종일,0
밤에 낮에 8-10시간 4시간 잠을 잔다,0
밤에 4시간 낮에 8-10시간 잠을 잔다,0
밤에 8-10시간 잠을 4시간 낮에 잔다,0
밤에 8-10시간 낮에 4시간 잔다 잠을,0
4시간 8-10시간 낮에 밤에 잠을 잔다,0
낮에 8-10시간 밤에 4시간 잠을 잔다,0
밤에 잠을 낮에 4시간 8-10시간 잔다,0
밤에 8-10시간 낮에 잠을 4시간 잔다,0
밤에 8-10시간 낮에 4시간 잠을 잔다,0
기분이 평소보다 많이 늘었는데 잠을 자고 나도 잠은 좋지 않다,0
잠은 평소보다 많이 나도 잠을 자고 늘었는데 기분이 좋지 않다,0
나도 평소보다 많이 늘었는데 잠을 자고 잠은 기분이 좋지 않다,0
잠은 평소보다 나도 늘었는데 잠을 자고 많이 기분이 좋지 않다,0
잠은 않다 많이 늘었는데 잠을 자고 나도 기분이 좋지 평소보다,0
잠은 평소보다 많이 늘었는데 잠을 자고 나도 기분이 좋지 않다,0
잠은 평소보다 많이 늘었는데 않다 자고 나도 기분이 좋지 잠을,0
좋지 평소보다 많이 늘었는데 잠을 자고 나도 기분이 잠은 않다,0
잠은 평소보다 기분이 늘었는데 잠을 자고 나도 많이 좋지 않다,0
잠은 평소보다 많이 늘었는데 좋지 자고 나도 기분이 잠을 않다,0
자고 하루종일 싶다,0
싶다 자고 하루종일,0
하루종일 싶다 자고,0
하루종일 자고 싶다,0
잠만 자고 싶어서 낮에 잔다 먹고 하루에 15시간 정도 약을,0
잠만 자고 하루에 낮에 약을 먹고 싶어서 15시간 정도 잔다,0
잠만 싶어서 자고 낮에 약을 먹고 하루에 15시간 정도 잔다,0
잠만 자고 싶어서 15시간 약을 먹고 하루에 낮에 정도 잔다,0
잠만 자고 싶어서 정도 약을 먹고 하루에 15시간 낮에 잔다,0
먹고 자고 싶어서 낮에 약을 잠만 하루에 15시간 정도 잔다,0
잠만 자고 싶어서 하루에 약을 먹고 낮에 15시간 정도 잔다,0
잠만 자고 싶어서 낮에 약을 먹고 하루에 15시간 정도 잔다,0
잠만 자고 낮에 싶어서 약을 먹고 하루에 15시간 정도 잔다,0
잠만 자고 싶어서 낮에 먹고 약을 하루에 15시간 정도 잔다,0
정도 4-5시간 밤에 잔다,0
밤에 4-5시간 정도 잔다,0
4-5시간 밤에 정도 잔다,0
밤에 4-5시간 잔다 정도,0
잔다 4-5시간 정도 밤에,0
밤에 정도 4-5시간 잔다,0
밤에 잔다 정도 4-5시간,0
일찍 새벽에 깬다,0
새벽에 일찍 깬다,0
새벽에 깬다 일찍,0
깬다 일찍 새벽에,0
피곤하다 낮에,0
낮에 피곤하다,0
하루 정도밖에 2-3시간 자지 못한다,0
하루 2-3시간 정도밖에 못한다 자지,0
2-3시간 하루 정도밖에 자지 못한다,0
하루 자지 정도밖에 2-3시간 못한다,0
하루 2-3시간 정도밖에 자지 못한다,0
못한다 2-3시간 정도밖에 자지 하루,0
하루 못한다 정도밖에 자지 2-3시간,0
약 먹고 한두시간 잤는데 이젠 아예 잠에 들때가 못 많다,0
이젠 먹고 한두시간 잤는데 약 아예 잠에 못 들때가 많다,0
약 먹고 한두시간 잤는데 못 아예 잠에 이젠 들때가 많다,0
약 먹고 한두시간 잤는데 이젠 아예 잠에 못 들때가 많다,0
약 먹고 한두시간 못 이젠 아예 잠에 잤는데 들때가 많다,0
약 먹고 잤는데 한두시간 이젠 아예 잠에 못 들때가 많다,0
약 먹고 한두시간 잤는데 많다 아예 잠에 못 들때가 이젠,0
약 잠에 한두시간 잤는데 이젠 아예 먹고 못 들때가 많다,0
약 들때가 한두시간 잤는데 이젠 아예 잠에 못 먹고 많다,0
지속하기 10알 가량 먹어도 3시간 이상 수면을 수면제를 어려워,0
3시간 10알 가량 먹어도 수면제를 이상 수면을 지속하기 어려워,0
이상 10알 가량 먹어도 3시간 수면제를 수면을 지속하기 어려워,0
수면제를 10알 가량 먹어도 수면을 이상 3시간 지속하기 어려워,0
수면제를 3시간 가량 먹어도 10알 이상 수면을 지속하기 어려워,0
수면제를 10알 가량 먹어도 3시간 어려워 수면을 지속하기 이상,0
수면제를 10알 가량 먹어도 3시간 이상 수면을 지속하기 어려워,0
수면제를 어려워 가량 먹어도 3시간 이상 수면을 지속하기 10알,0
졸려서 말똥..아침에 눕는데 몸이 무겁고,0
말똥..아침에 눕는데 졸려서 몸이 무겁고,0
졸려서 무겁고 말똥..아침에 몸이 눕는데,0
몸이 눕는데 말똥..아침에 졸려서 무겁고,0
졸려서 눕는데 말똥..아침에 몸이 무겁고,0
졸려서 몸이 말똥..아침에 눕는데 무겁고,0
수면제 먹어도 2-3시간 자고,0
먹어도 수면제 2-3시간 자고,0
수면제 2-3시간 먹어도 자고,0
자고 먹어도 2-3시간 수면제,0
수면제 먹어도 자고 2-3시간,0
수면제 자고 2-3시간 먹어도,0
새벽에 깨서 더이상 못한다 자지,0
새벽에 자지 더이상 깨서 못한다,0
자지 깨서 더이상 새벽에 못한다,0
새벽에 깨서 더이상 자지 못한다,0
못한다 깨서 더이상 자지 새벽에,0
더이상 깨서 새벽에 자지 못한다,0
새벽에 깨서 못한다 자지 더이상,0
밤에 눈 뜨고 시간이 있는 많다,0
밤에 있는 뜨고 눈 시간이 많다,0
밤에 눈 시간이 있는 뜨고 많다,0
밤에 뜨고 눈 있는 시간이 많다,0
시간이 눈 뜨고 있는 밤에 많다,0
밤에 눈 많다 있는 시간이 뜨고,0
밤에 눈 뜨고 있는 시간이 많다,0
선잠잔 느낌 않다 개운치,0
선잠잔 느낌 개운치 않다,0
개운치 느낌 선잠잔 않다,0
느낌 선잠잔 개운치 않다,0
않다 느낌 개운치 선잠잔,0
선잠잔 개운치 느낌 않다,0
선잠잔 않다 개운치 느낌,0
5~6시간 자지만 자꾸 설친다,0
자꾸 자지만 5~6시간 설친다,0
5~6시간 자꾸 자지만 설친다,0
5~6시간 설친다 자꾸 자지만,0
5~6시간 자지만 설친다 자꾸,0
자지만 5~6시간 자꾸 설친다,0
설친다 자지만 자꾸 5~6시간,0
무거움 6시간 이상 자는데 자주 깬다..일어나도 몸이 하루에,0
하루에 6시간 이상 자는데 자주 깬다..일어나도 몸이 무거움,0
하루에 6시간 이상 자는데 자주 몸이 깬다..일어나도 무거움,0
하루에 6시간 이상 자는데 자주 무거움 몸이 깬다..일어나도,0
하루에 6시간 이상 깬다..일어나도 자주 자는데 몸이 무거움,0
하루에 깬다..일어나도 이상 자는데 자주 6시간 몸이 무거움,0
하루에 6시간 깬다..일어나도 자는데 자주 이상 몸이 무거움,0
하루에 6시간 이상 몸이 자주 깬다..일어나도 자는데 무거움,0
하루에 6시간 이상 자주 자는데 깬다..일어나도 몸이 무거움,0
먹지 약을 않으면 잠이 안온다,0
잠이 먹지 않으면 약을 안온다,0
약을 안온다 않으면 잠이 먹지,0
않으면 먹지 약을 잠이 안온다,0
약을 먹지 잠이 않으면 안온다,0
약을 먹지 않으면 잠이 안온다,0
깨어있는 수면 후 3시간 30분 상황,0
30분 3시간 후 수면 깨어있는 상황,0
상황 수면 후 3시간 깨어있는 30분,0
30분 깨어있는 후 3시간 수면 상황,0
30분 수면 후 3시간 상황 깨어있는,0
30분 수면 후 3시간 깨어있는 상황,0
수면 30분 후 3시간 깨어있는 상황,0
후 수면 30분 3시간 깨어있는 상황,0
잠을 잘 자지 못하고 한번 잠을 가까이 20시간 자면 잤다,0
못하고 잘 자지 잠을 한번 잠을 자면 20시간 가까이 잤다,0
잠을 잘 자지 못하고 한번 자면 잠을 20시간 가까이 잤다,0
잠을 잘 자지 잤다 한번 잠을 자면 20시간 가까이 못하고,0
잠을 잘 자지 못하고 한번 잠을 자면 20시간 잤다 가까이,0
잠을 20시간 자지 못하고 한번 잠을 자면 잘 가까이 잤다,0
잠을 잘 자지 20시간 한번 잠을 자면 못하고 가까이 잤다,0
잠을 잘 자지 못하고 잤다 잠을 자면 20시간 가까이 한번,0
잠을 잘 자지 못하고 한번 잠을 자면 20시간 가까이 잤다,0
잠을 잘 자지 못하고 한번 20시간 자면 잠을 가까이 잤다,0
늘 느낌 쫓기는,0
늘 쫓기는 느낌,0
느낌 쫓기는 늘,0
쫓기는 늘 느낌,0
불편감을 느낀다,0
느낀다 불편감을,0
잘 모르겠다,0
모르겠다 잘,0
자신을 나 주체할 수 없다,0
수 자신을 주체할 나 없다,0
나 주체할 자신을 수 없다,0
나 없다 주체할 수 자신을,0
나 자신을 주체할 수 없다,0
없다 자신을 주체할 수 나,0
나 자신을 수 주체할 없다,0
나 수 주체할 자신을 없다,0
공격적이 된다,0
된다 공격적이,0
짜증이 늘었다,0
늘었다 짜증이,0
갑자기 난다 짜증이,0
짜증이 갑자기 난다,0
난다 짜증이 갑자기,0
갑자기 짜증이 난다,0
괜히 난다 짜증이,0
난다 짜증이 괜히,0
괜히 짜증이 난다,0
짜증이 괜히 난다,0
다 매사가 짜증난다,0
매사가 다 짜증난다,0
매사가 짜증난다 다,0
짜증난다 다 매사가,0
늘었다 신경질이,0
신경질이 늘었다,0
스트레스 받으면서 기복 심해진다,0
받으면서 스트레스 기복 심해진다,0
스트레스 심해진다 기복 받으면서,0
스트레스 기복 받으면서 심해진다,0
심해진다 받으면서 기복 스트레스,0
스트레스 받으면서 심해진다 기복,0
무기력하다 피곤하고 늘,0
피곤하고 늘 무기력하다,0
늘 피곤하고 무기력하다,0
늘 무기력하다 피곤하고,0
아무것도 피곤한다 정도로 못할,0
아무것도 못할 정도로 피곤한다,0
못할 아무것도 정도로 피곤한다,0
아무것도 정도로 못할 피곤한다,0
정도로 못할 아무것도 피곤한다,0
소진됐다,0
건드려도 힘이없다 없을 정도로 반응이,0
반응이 건드려도 없을 정도로 힘이없다,0
건드려도 반응이 없을 정도로 힘이없다,0
건드려도 반응이 정도로 없을 힘이없다,0
건드려도 정도로 없을 반응이 힘이없다,0
기진맥진하다,0
쉬고싶다,0
온다 슬럼프가,0
슬럼프가 온다,0
몸을 느낌 움직이기 힘든 마음대로,0
몸을 마음대로 움직이기 느낌 힘든,0
느낌 마음대로 움직이기 힘든 몸을,0
움직이기 마음대로 몸을 힘든 느낌,0
몸을 마음대로 움직이기 힘든 느낌,0
몸을 힘든 움직이기 마음대로 느낌,0
몸을 마음대로 힘든 움직이기 느낌,0
힘들고 너무 지쳐서 그만두고싶다.,0
너무 힘들고 지쳐서 그만두고싶다.,0
지쳐서 힘들고 너무 그만두고싶다.,0
너무 그만두고싶다. 지쳐서 힘들고,0
너무 지쳐서 힘들고 그만두고싶다.,0
그만두고싶다. 힘들고 지쳐서 너무,0
뭐하나 살면 이렇게,0
살면 이렇게 뭐하나,0
이렇게 살면 뭐하나,0
이렇게 뭐하나 살면,0
전부 손을 놓게 된다,0
놓게 손을 전부 된다,0
전부 된다 놓게 손을,0
된다 손을 놓게 전부,0
전부 놓게 손을 된다,0
손을 전부 놓게 된다,0
허무하다 사는게,0
사는게 허무하다,0
느낌 포기한 모든것을,0
모든것을 포기한 느낌,0
모든것을 느낌 포기한,0
포기한 모든것을 느낌,0
든다 가라앉으면 다 필요없다는 생각이 기분이,0
생각이 가라앉으면 다 필요없다는 기분이 든다,0
기분이 가라앉으면 다 든다 생각이 필요없다는,0
기분이 든다 다 필요없다는 생각이 가라앉으면,0
기분이 생각이 다 필요없다는 가라앉으면 든다,0
기분이 가라앉으면 다 필요없다는 생각이 든다,0
기분이 가라앉으면 필요없다는 다 생각이 든다,0
가라앉으면 기분이 다 필요없다는 생각이 든다,0
나른하다,0
온 몸에 힘이없다,0
온 힘이없다 몸에,0
힘이없다 몸에 온,0
몸에 온 힘이없다,0
말하는 힘들다 것도,0
말하는 것도 힘들다,0
것도 말하는 힘들다,0
힘들다 것도 말하는,0
의미가 없다,0
없다 의미가,0
지쳤다,0
내려놓고 전부 싶다,0
싶다 내려놓고 전부,0
전부 싶다 내려놓고,0
전부 내려놓고 싶다,0
후회스럽다,0
않는다 것 같은데 고쳐지지가 잘못된,0
것 잘못된 같은데 고쳐지지가 않는다,0
잘못된 않는다 같은데 고쳐지지가 것,0
잘못된 것 같은데 않는다 고쳐지지가,0
같은데 것 잘못된 고쳐지지가 않는다,0
잘못된 것 같은데 고쳐지지가 않는다,0
걱정이 많이되고 죄책감이 든다,0
걱정이 든다 죄책감이 많이되고,0
걱정이 많이되고 든다 죄책감이,0
많이되고 걱정이 죄책감이 든다,0
걱정이 죄책감이 많이되고 든다,0
든다 많이되고 죄책감이 걱정이,0
죄책감 일을 못했다는 끈기있게,0
못했다는 일을 끈기있게 죄책감,0
끈기있게 죄책감 못했다는 일을,0
끈기있게 못했다는 일을 죄책감,0
일을 끈기있게 못했다는 죄책감,0
끈기있게 일을 못했다는 죄책감,0
잘 못한다는 버티지 죄책감,0
버티지 잘 못한다는 죄책감,0
잘 죄책감 못한다는 버티지,0
잘 버티지 못한다는 죄책감,0
죄책감 버티지 못한다는 잘,0
못한다는 버티지 잘 죄책감,0
같아 일을 주어진 시간 내에 하지 못하는 것 직장에서 힘들다,0
직장에서 일을 하지 시간 내에 주어진 못하는 것 같아 힘들다,0
직장에서 일을 주어진 힘들다 내에 하지 못하는 것 같아 시간,0
직장에서 일을 주어진 같아 내에 하지 못하는 것 시간 힘들다,0
직장에서 일을 주어진 시간 내에 힘들다 못하는 것 같아 하지,0
직장에서 일을 주어진 것 내에 하지 못하는 시간 같아 힘들다,0
직장에서 하지 주어진 시간 내에 일을 못하는 것 같아 힘들다,0
직장에서 시간 주어진 일을 내에 하지 못하는 것 같아 힘들다,0
직장에서 일을 주어진 시간 내에 하지 못하는 것 같아 힘들다,0
직장에서 일을 주어진 시간 하지 내에 못하는 것 같아 힘들다,0
내가 뭘 든다 자꾸 생각이 잘못했나,0
잘못했나 뭘 내가 자꾸 생각이 든다,0
내가 뭘 잘못했나 든다 생각이 자꾸,0
내가 자꾸 잘못했나 뭘 생각이 든다,0
뭘 내가 잘못했나 자꾸 생각이 든다,0
내가 든다 잘못했나 자꾸 생각이 뭘,0
내가 뭘 잘못했나 자꾸 생각이 든다,0
자기 만나면 다 잘못한 것 같고 사람들 자신이 욕하고 안좋은 소리를 할 것 같고,0
자기 같고 다 잘못한 것 자신이 사람들 만나면 욕하고 안좋은 소리를 할 것 같고,0
자기 자신이 다 할 것 같고 사람들 만나면 욕하고 안좋은 소리를 잘못한 것 같고,0
자기 자신이 다 잘못한 것 같고 사람들 만나면 욕하고 같고 소리를 할 것 안좋은,0
자기 자신이 것 잘못한 다 같고 사람들 만나면 욕하고 안좋은 소리를 할 것 같고,0
자기 자신이 다 잘못한 것 같고 사람들 것 욕하고 안좋은 소리를 할 만나면 같고,0
자기 욕하고 다 잘못한 것 같고 사람들 만나면 자신이 안좋은 소리를 할 것 같고,0
자기 자신이 다 잘못한 것 사람들 같고 만나면 욕하고 안좋은 소리를 할 것 같고,0
자기 자신이 다 잘못한 것 같고 사람들 만나면 욕하고 안좋은 소리를 할 것 같고,0
소리를 자신이 다 잘못한 것 같고 사람들 만나면 욕하고 안좋은 자기 할 것 같고,0
점점 스스로가 그냥 죄스럽다,0
그냥 스스로가 죄스럽다 점점,0
죄스럽다 스스로가 점점 그냥,0
그냥 죄스럽다 점점 스스로가,0
그냥 스스로가 점점 죄스럽다,0
그냥 점점 스스로가 죄스럽다,0
일에 대한 어렵다 집중이,0
집중이 대한 일에 어렵다,0
대한 일에 집중이 어렵다,0
일에 어렵다 집중이 대한,0
일에 대한 집중이 어렵다,0
머리가 멍하고 집중도 잘 안된다,0
머리가 멍하고 잘 집중도 안된다,0
머리가 집중도 멍하고 잘 안된다,0
안된다 멍하고 집중도 잘 머리가,0
멍하고 머리가 집중도 잘 안된다,0
잘 멍하고 집중도 머리가 안된다,0
주의력이 것 떨어지는 같다,0
주의력이 떨어지는 것 같다,0
같다 떨어지는 것 주의력이,0
떨어지는 주의력이 것 같다,0
주의력이 떨어지는 같다 것,0
이해력이 것 떨어진 같다,0
떨어진 이해력이 것 같다,0
이해력이 떨어진 것 같다,0
같다 떨어진 것 이해력이,0
이해력이 같다 것 떨어진,0
이해력이 떨어진 같다 것,0
판단력이 않는다 서지,0
서지 판단력이 않는다,0
판단력이 서지 않는다,0
않는다 서지 판단력이,0
정리가 않는다 되지,0
않는다 되지 정리가,0
되지 정리가 않는다,0
정리가 되지 않는다,0
매우 혼란스럽다,0
혼란스럽다 매우,0
머릿속이 안된다 정리가,0
정리가 머릿속이 안된다,0
머릿속이 정리가 안된다,0
안된다 정리가 머릿속이,0
제정신이 아니다,0
아니다 제정신이,0
마음이 안된다 정리가,0
안된다 정리가 마음이,0
마음이 정리가 안된다,0
횡설수설한다,0
생각을 어렵다 옮기기가 말로,0
말로 생각을 옮기기가 어렵다,0
생각을 옮기기가 말로 어렵다,0
어렵다 말로 옮기기가 생각을,0
옮기기가 말로 생각을 어렵다,0
생각을 말로 어렵다 옮기기가,0
생각을 말로 옮기기가 어렵다,0
안된다 안정이,0
안정이 안된다,0
어렵고 모든일이 무섭게 느껴졌다,0
모든일이 무섭게 어렵고 느껴졌다,0
모든일이 어렵고 무섭게 느껴졌다,0
모든일이 어렵고 느껴졌다 무섭게,0
느껴졌다 어렵고 무섭게 모든일이,0
모든일이 느껴졌다 무섭게 어렵고,0
모르겠다 어쩔줄을,0
어쩔줄을 모르겠다,0
생겼다 건망증이,0
건망증이 생겼다,0
친구 이름도 생각이 안 난 적도 있다,0
안 이름도 생각이 친구 난 적도 있다,0
친구 이름도 생각이 안 적도 난 있다,0
적도 이름도 생각이 안 난 친구 있다,0
친구 안 생각이 이름도 난 적도 있다,0
친구 이름도 생각이 적도 난 안 있다,0
이름도 친구 생각이 안 난 적도 있다,0
친구 있다 생각이 안 난 적도 이름도,0
떨어진다 기억력이,0
기억력이 떨어진다,0
가물가물 기억이,0
기억이 가물가물,0
어눌해 말이 진다,0
진다 어눌해 말이,0
말이 진다 어눌해,0
말이 어눌해 진다,0
한동안 해야할지 무엇을 멍하게 몰라 막막한 기분이 든다,0
한동안 무엇을 멍하게 해야할지 몰라 막막한 기분이 든다,0
한동안 멍하게 무엇을 막막한 몰라 해야할지 기분이 든다,0
한동안 기분이 무엇을 해야할지 몰라 막막한 멍하게 든다,0
몰라 멍하게 무엇을 해야할지 한동안 막막한 기분이 든다,0
한동안 멍하게 무엇을 해야할지 몰라 막막한 든다 기분이,0
한동안 몰라 무엇을 해야할지 멍하게 막막한 기분이 든다,0
든다 멍하게 무엇을 해야할지 몰라 막막한 기분이 한동안,0
멍하게 한동안 무엇을 해야할지 몰라 막막한 기분이 든다,0
한동안 멍하게 무엇을 해야할지 몰라 막막한 기분이 든다,0
몸이 같다 떠있는것 붕,0
같다 붕 떠있는것 몸이,0
떠있는것 붕 몸이 같다,0
몸이 붕 떠있는것 같다,0
몸이 붕 같다 떠있는것,0
붕 몸이 떠있는것 같다,0
몸이 떠있는것 붕 같다,0
있다 붕 뜰때가 기분이,0
기분이 붕 있다 뜰때가,0
기분이 있다 뜰때가 붕,0
기분이 뜰때가 붕 있다,0
기분이 붕 뜰때가 있다,0
뜰때가 붕 기분이 있다,0
붕 기분이 뜰때가 있다,0
자신감이 떨어졌다,0
떨어졌다 자신감이,0
자신이 같은 못할 것 없고 생각만 든다,0
자신이 없고 못할 든다 같은 생각만 것,0
든다 없고 못할 것 같은 생각만 자신이,0
못할 없고 자신이 것 같은 생각만 든다,0
자신이 없고 못할 생각만 같은 것 든다,0
자신이 없고 못할 것 같은 생각만 든다,0
없고 자신이 못할 것 같은 생각만 든다,0
자신이 없고 것 못할 같은 생각만 든다,0
생각만 없고 못할 것 같은 자신이 든다,0
자신이 못할 없고 것 같은 생각만 든다,0
남들은 다 나만 잘하는데 못하는 것 같다,0
다 남들은 잘하는데 나만 못하는 것 같다,0
것 다 잘하는데 나만 못하는 남들은 같다,0
남들은 잘하는데 다 나만 못하는 것 같다,0
같다 다 잘하는데 나만 못하는 것 남들은,0
남들은 다 잘하는데 나만 못하는 것 같다,0
잘하는데 다 남들은 나만 못하는 것 같다,0
나만 다 잘하는데 남들은 못하는 것 같다,0
남들은 나만 잘하는데 다 못하는 것 같다,0
열등생이 것 된 같아 자괴감이 든다,0
자괴감이 된 것 같아 열등생이 든다,0
열등생이 된 것 든다 자괴감이 같아,0
열등생이 된 든다 같아 자괴감이 것,0
열등생이 된 것 같아 자괴감이 든다,0
것 된 열등생이 같아 자괴감이 든다,0
든다 된 것 같아 자괴감이 열등생이,0
열등생이 된 것 자괴감이 같아 든다,0
된 열등생이 것 같아 자괴감이 든다,0
패배자 같다,0
같다 패배자,0
하찮아 자신이 보인다,0
자신이 보인다 하찮아,0
자신이 하찮아 보인다,0
보인다 하찮아 자신이,0
주눅들고 없다 자신감이,0
주눅들고 자신감이 없다,0
자신감이 주눅들고 없다,0
없다 자신감이 주눅들고,0
칭찬받은 적이 없다,0
적이 칭찬받은 없다,0
없다 적이 칭찬받은,0
칭찬받은 없다 적이,0
나름대로 열심히 살았는데 것이 이루어진 뭔가 없는것 같다,0
나름대로 열심히 살았는데 없는것 이루어진 것이 뭔가 같다,0
나름대로 열심히 살았는데 뭔가 이루어진 것이 없는것 같다,0
나름대로 없는것 살았는데 뭔가 이루어진 것이 열심히 같다,0
같다 열심히 살았는데 뭔가 이루어진 것이 없는것 나름대로,0
나름대로 열심히 살았는데 뭔가 이루어진 없는것 것이 같다,0
나름대로 열심히 살았는데 이루어진 뭔가 것이 없는것 같다,0
나름대로 열심히 이루어진 뭔가 살았는데 것이 없는것 같다,0
나를 것 과대평가하는 같다,0
나를 과대평가하는 것 같다,0
나를 같다 것 과대평가하는,0
것 과대평가하는 나를 같다,0
같다 과대평가하는 것 나를,0
과대평가하는 나를 것 같다,0
나를 과대평가하는 같다 것,0
주변에서 인정해 줬는데 결과물이 실제적으로 없어 크게 실망했다,0
주변에서 인정해 줬는데 실제적으로 결과물이 없어 크게 실망했다,0
결과물이 인정해 줬는데 실제적으로 주변에서 없어 크게 실망했다,0
주변에서 없어 줬는데 실제적으로 결과물이 인정해 크게 실망했다,0
주변에서 인정해 줬는데 실망했다 결과물이 없어 크게 실제적으로,0
주변에서 줬는데 인정해 실제적으로 결과물이 없어 크게 실망했다,0
주변에서 인정해 줬는데 실제적으로 결과물이 실망했다 크게 없어,0
주변에서 실망했다 줬는데 실제적으로 결과물이 없어 크게 인정해,0
크게 인정해 줬는데 실제적으로 결과물이 없어 주변에서 실망했다,0
속상하다 좋은 사람으로 인식되고 싶은데 그러지 못하니까 다른사람에게,0
다른사람에게 좋은 그러지 인식되고 싶은데 사람으로 못하니까 속상하다,0
다른사람에게 좋은 사람으로 인식되고 싶은데 그러지 못하니까 속상하다,0
다른사람에게 좋은 사람으로 못하니까 싶은데 그러지 인식되고 속상하다,0
다른사람에게 속상하다 사람으로 인식되고 싶은데 그러지 못하니까 좋은,0
다른사람에게 좋은 인식되고 사람으로 싶은데 그러지 못하니까 속상하다,0
다른사람에게 좋은 사람으로 인식되고 싶은데 속상하다 못하니까 그러지,0
다른사람에게 좋은 싶은데 인식되고 사람으로 그러지 못하니까 속상하다,0
느낌 없이 내가 하고싶지 않은 일을 하고 있다는 어쩔수,0
어쩔수 않은 내가 하고싶지 없이 일을 하고 있다는 느낌,0
어쩔수 없이 내가 하고싶지 않은 일을 하고 있다는 느낌,0
하고 없이 내가 하고싶지 않은 일을 어쩔수 있다는 느낌,0
내가 없이 어쩔수 하고싶지 않은 일을 하고 있다는 느낌,0
어쩔수 없이 하고 하고싶지 않은 일을 내가 있다는 느낌,0
어쩔수 없이 느낌 하고싶지 않은 일을 하고 있다는 내가,0
어쩔수 없이 않은 하고싶지 내가 일을 하고 있다는 느낌,0
어쩔수 없이 내가 하고싶지 하고 일을 않은 있다는 느낌,0
어쩔수 없이 내가 않은 하고싶지 일을 하고 있다는 느낌,0
내가 살고싶은대로 살고있지 못하는 것에대한 속상함,0
살고싶은대로 내가 살고있지 못하는 것에대한 속상함,0
내가 속상함 살고있지 못하는 것에대한 살고싶은대로,0
내가 살고싶은대로 속상함 못하는 것에대한 살고있지,0
것에대한 살고싶은대로 살고있지 못하는 내가 속상함,0
내가 것에대한 살고있지 못하는 살고싶은대로 속상함,0
내가 살고싶은대로 것에대한 못하는 살고있지 속상함,0
아무도 사랑하지 자신을 않는 것 같다,0
아무도 것 사랑하지 않는 자신을 같다,0
아무도 자신을 사랑하지 않는 같다 것,0
않는 자신을 사랑하지 아무도 것 같다,0
아무도 자신을 같다 않는 것 사랑하지,0
아무도 자신을 사랑하지 않는 것 같다,0
없어진 내 모습이 이전에 것 같다,0
이전에 내 모습이 없어진 것 같다,0
이전에 내 것 없어진 모습이 같다,0
이전에 내 모습이 것 없어진 같다,0
모습이 내 이전에 없어진 것 같다,0
이전에 내 모습이 같다 것 없어진,0
같다 내 모습이 없어진 것 이전에,0
똑똑하고 사라진다 이미지가 이쁜,0
똑똑하고 이쁜 이미지가 사라진다,0
똑똑하고 이쁜 사라진다 이미지가,0
이쁜 똑똑하고 이미지가 사라진다,0
똑똑하고 이미지가 이쁜 사라진다,0
사라진다 이쁜 이미지가 똑똑하고,0
미래에 절망적 대해,0
미래에 대해 절망적,0
대해 미래에 절망적,0
절망적 대해 미래에,0
갈수록 절망이다. 지치고,0
절망이다. 지치고 갈수록,0
지치고 갈수록 절망이다.,0
갈수록 지치고 절망이다.,0
것 바보인 내가 같다,0
같다 바보인 것 내가,0
내가 바보인 것 같다,0
내가 같다 것 바보인,0
바보인 내가 것 같다,0
모든 것을 다 것 잃어버린 같다.,0
모든 것을 다 잃어버린 것 같다.,0
모든 잃어버린 다 것을 것 같다.,0
모든 같다. 다 잃어버린 것 것을,0
것 것을 다 잃어버린 모든 같다.,0
모든 것을 다 같다. 것 잃어버린,0
모든 것 다 잃어버린 것을 같다.,0
잃어버린 것을 다 모든 것 같다.,0
모든 다 것을 잃어버린 것 같다.,0
기대감이 좋아질거라는 안 들고 살아야 겠다는 생각도 안 든다,0
생각도 기대감이 안 들고 살아야 겠다는 좋아질거라는 안 든다,0
좋아질거라는 기대감이 안 들고 살아야 겠다는 생각도 안 든다,0
좋아질거라는 기대감이 생각도 들고 살아야 겠다는 안 안 든다,0
좋아질거라는 안 기대감이 들고 살아야 겠다는 생각도 안 든다,0
좋아질거라는 기대감이 안 들고 겠다는 살아야 생각도 안 든다,0
좋아질거라는 기대감이 안 생각도 살아야 겠다는 들고 안 든다,0
좋아질거라는 기대감이 안 겠다는 살아야 들고 생각도 안 든다,0
좋아질거라는 기대감이 살아야 들고 안 겠다는 생각도 안 든다,0
안 기대감이 안 들고 살아야 겠다는 생각도 좋아질거라는 든다,0
꿈꿔왔던 막힌다는 길이 기분,0
길이 꿈꿔왔던 막힌다는 기분,0
꿈꿔왔던 길이 막힌다는 기분,0
기분 길이 막힌다는 꿈꿔왔던,0
꿈꿔왔던 기분 막힌다는 길이,0
꿈꿔왔던 길이 기분 막힌다는,0
막힌다는 길이 꿈꿔왔던 기분,0
늦었다 이미,0
이미 늦었다,0
이제와서 뭘 새로 할수 있나 생각 하는,0
이제와서 새로 뭘 할수 있나 하는 생각,0
이제와서 뭘 새로 할수 하는 있나 생각,0
이제와서 뭘 새로 할수 있나 하는 생각,0
이제와서 뭘 새로 하는 있나 할수 생각,0
할수 뭘 새로 이제와서 있나 하는 생각,0
있나 뭘 새로 할수 이제와서 하는 생각,0
이제와서 뭘 새로 있나 할수 하는 생각,0
힘들고 받아들이기도,0
받아들이기도 힘들고,0
지원을 절망 그게 떨어지면서 했었는데,0
절망 했었는데 그게 떨어지면서 지원을,0
지원을 그게 했었는데 떨어지면서 절망,0
지원을 했었는데 그게 떨어지면서 절망,0
했었는데 지원을 그게 떨어지면서 절망,0
지원을 했었는데 절망 떨어지면서 그게,0
떨어지면서 했었는데 그게 지원을 절망,0
지원을 했었는데 떨어지면서 그게 절망,0
거절을 당하자 기분 절망적인,0
당하자 거절을 절망적인 기분,0
거절을 당하자 절망적인 기분,0
기분 당하자 절망적인 거절을,0
절망적인 당하자 거절을 기분,0
거절을 절망적인 당하자 기분,0
이제는 못 일도 하겠다,0
이제는 하겠다 못 일도,0
이제는 일도 못 하겠다,0
하겠다 일도 못 이제는,0
일도 이제는 못 하겠다,0
못 일도 이제는 하겠다,0
맑지 머리가 않아,0
머리가 맑지 않아,0
않아 맑지 머리가,0
머리가 않아 맑지,0
울적해 하루종일,0
하루종일 울적해,0
이유없이 눈물이 많이 나,0
이유없이 나 많이 눈물이,0
이유없이 눈물이 나 많이,0
많이 눈물이 이유없이 나,0
나 눈물이 많이 이유없이,0
이유없이 많이 눈물이 나,0
울어 하염없이 며칠이고,0
며칠이고 울어 하염없이,0
하염없이 며칠이고 울어,0
며칠이고 하염없이 울어,0
몇시간씩 울어,0
울어 몇시간씩,0
나 아무때나 눈물이,0
눈물이 나 아무때나,0
눈물이 아무때나 나,0
아무때나 눈물이 나,0
매일 울어,0
울어 매일,0
너무 외로워,0
외로워 너무,0
쓸쓸해,0
외로움을 잘 타,0
외로움을 타 잘,0
잘 외로움을 타,0
타 잘 외로움을,0
어울리고 친구들과 집에오면 외로워,0
친구들과 어울리고 외로워 집에오면,0
친구들과 집에오면 어울리고 외로워,0
친구들과 어울리고 집에오면 외로워,0
친구들과 외로워 집에오면 어울리고,0
집에오면 어울리고 친구들과 외로워,0
원망스러워,0
속앓이를 해,0
해 속앓이를,0
나 화가,0
화가 나,0
참을 수 없어,0
참을 없어 수,0
수 참을 없어,0
없어 수 참을,0
답답해,0
괴로워 정말,0
정말 괴로워,0
안나 흥이,0
흥이 안나,0
없어 재미가,0
재미가 없어,0
사는게 없어 재미가,0
사는게 재미가 없어,0
재미가 사는게 없어,0
없어 재미가 사는게,0
없어 기운이,0
기운이 없어,0
간신히 버티고 있어,0
간신히 있어 버티고,0
버티고 간신히 있어,0
있어 버티고 간신히,0
다운되어있어 항상 기분이,0
기분이 항상 다운되어있어,0
기분이 다운되어있어 항상,0
항상 기분이 다운되어있어,0
축처져,0
늘어져,0
귀찮아서 아무것도 못하겠어,0
못하겠어 아무것도 귀찮아서,0
아무것도 귀찮아서 못하겠어,0
귀찮아서 못하겠어 아무것도,0
가만히 싶어 있고만,0
가만히 있고만 싶어,0
있고만 가만히 싶어,0
싶어 있고만 가만히,0
아무 싫어 하기 것도,0
아무 것도 하기 싫어,0
것도 아무 하기 싫어,0
싫어 것도 하기 아무,0
아무 하기 것도 싫어,0
하기 것도 아무 싫어,0
몸에 없어 힘이,0
힘이 몸에 없어,0
몸에 힘이 없어,0
없어 힘이 몸에,0
때가 생각에 빠져있을 혼자 많아,0
혼자 많아 빠져있을 때가 생각에,0
혼자 생각에 빠져있을 때가 많아,0
많아 생각에 빠져있을 때가 혼자,0
혼자 빠져있을 생각에 때가 많아,0
때가 할 혼잣말을 있어,0
혼잣말을 때가 할 있어,0
혼잣말을 할 때가 있어,0
할 혼잣말을 때가 있어,0
있어 할 때가 혼잣말을,0
혼잣말을 할 있어 때가,0
사람을 피하게 돼,0
피하게 사람을 돼,0
돼 피하게 사람을,0
사람을 돼 피하게,0
곳 많은 사람들 가기 싫어,0
사람들 많은 곳 가기 싫어,0
사람들 많은 가기 곳 싫어,0
많은 사람들 곳 가기 싫어,0
싫어 많은 곳 가기 사람들,0
사람들 가기 곳 많은 싫어,0
다른 다른 사람들과 매우 내가 것 같아,0
매우 다른 사람들과 내가 다른 것 같아,0
다른 내가 사람들과 매우 다른 것 같아,0
내가 다른 사람들과 매우 다른 것 같아,0
내가 다른 사람들과 매우 것 다른 같아,0
내가 다른 사람들과 같아 다른 것 매우,0
내가 다른 다른 매우 사람들과 것 같아,0
내가 다른 같아 매우 다른 것 사람들과,0
내가 것 사람들과 매우 다른 다른 같아,0
공감도 잘 안돼,0
안돼 잘 공감도,0
잘 공감도 안돼,0
공감도 안돼 잘,0
매사에 의욕이 없어,0
의욕이 매사에 없어,0
없어 의욕이 매사에,0
매사에 없어 의욕이,0
매일 없어 의욕이,0
매일 의욕이 없어,0
없어 의욕이 매일,0
의욕이 매일 없어,0
무기력해 무겁고 마음이,0
마음이 무기력해 무겁고,0
무겁고 마음이 무기력해,0
마음이 무겁고 무기력해,0
있게돼 집에만,0
집에만 있게돼,0
집에만 있고싶어,0
있고싶어 집에만,0
싫어 외출하기,0
외출하기 싫어,0
하루종일 거의 인터넷만 해,0
거의 하루종일 인터넷만 해,0
거의 해 인터넷만 하루종일,0
거의 인터넷만 하루종일 해,0
거의 하루종일 해 인터넷만,0
하루종일 TV보며 누워있어,0
하루종일 누워있어 TV보며,0
TV보며 하루종일 누워있어,0
누워있어 TV보며 하루종일,0
혼자 누워있는 외에 것 아무것도 하기 싫어,0
것 누워있는 혼자 외에 아무것도 하기 싫어,0
혼자 누워있는 것 외에 싫어 하기 아무것도,0
혼자 아무것도 것 외에 누워있는 하기 싫어,0
혼자 누워있는 하기 외에 아무것도 것 싫어,0
혼자 누워있는 것 아무것도 외에 하기 싫어,0
혼자 누워있는 것 외에 아무것도 하기 싫어,0
혼자 누워있는 것 외에 아무것도 싫어 하기,0
싫어 누워있는 것 외에 아무것도 하기 혼자,0
식욕이 없어,0
없어 식욕이,0
체중이 빠지고 많이 머리카락도 빠졌어,0
체중이 빠지고 머리카락도 많이 빠졌어,0
빠졌어 빠지고 머리카락도 많이 체중이,0
체중이 빠지고 빠졌어 많이 머리카락도,0
체중이 머리카락도 빠지고 많이 빠졌어,0
머리카락도 빠지고 체중이 많이 빠졌어,0
체중이 많이 머리카락도 빠지고 빠졌어,0
체중이 빠지고 머리카락도 빠졌어 많이,0
너무 식욕이 없어서 식욕 촉진제를 먹었어,0
식욕이 너무 없어서 촉진제를 식욕 먹었어,0
식욕이 너무 촉진제를 식욕 없어서 먹었어,0
식욕이 없어서 너무 식욕 촉진제를 먹었어,0
식욕이 너무 없어서 식욕 먹었어 촉진제를,0
식욕이 너무 먹었어 식욕 촉진제를 없어서,0
식욕 너무 없어서 식욕이 촉진제를 먹었어,0
식욕이 너무 없어서 식욕 촉진제를 먹었어,0
식욕이 촉진제를 없어서 식욕 너무 먹었어,0
죽 먹고 있어,0
죽 있어 먹고,0
있어 먹고 죽,0
먹고 죽 있어,0
하는 먹어야 하나 밥을 생각이 들어,0
생각이 먹어야 하나 하는 밥을 들어,0
들어 먹어야 하나 하는 생각이 밥을,0
밥을 생각이 하나 하는 먹어야 들어,0
먹어야 밥을 하나 하는 생각이 들어,0
밥을 먹어야 하나 생각이 하는 들어,0
밥을 먹어야 하는 하나 생각이 들어,0
밥을 먹어야 하나 하는 생각이 들어,0
밥밧을 모르겠어,0
모르겠어 밥밧을,0
한 하루에 보통 번씩 토해,0
보통 하루에 번씩 한 토해,0
보통 하루에 토해 번씩 한,0
보통 한 하루에 번씩 토해,0
보통 하루에 한 번씩 토해,0
보통 하루에 한 토해 번씩,0
하루에 보통 한 번씩 토해,0
괜찮다가도 갑자기 많이 먹고 토해,0
토해 갑자기 많이 먹고 괜찮다가도,0
괜찮다가도 많이 갑자기 먹고 토해,0
괜찮다가도 갑자기 많이 토해 먹고,0
많이 갑자기 괜찮다가도 먹고 토해,0
갑자기 괜찮다가도 많이 먹고 토해,0
먹고 갑자기 많이 괜찮다가도 토해,0
괜찮다가도 갑자기 먹고 많이 토해,0
괜찮다가도 먹고 많이 갑자기 토해,0
예전보다 더 음식이 자꾸 먹고 싶어져,0
예전보다 자꾸 먹고 더 음식이 싶어져,0
자꾸 예전보다 음식이 더 먹고 싶어져,0
예전보다 자꾸 음식이 더 먹고 싶어져,0
예전보다 자꾸 음식이 싶어져 먹고 더,0
예전보다 자꾸 음식이 먹고 더 싶어져,0
예전보다 자꾸 싶어져 더 먹고 음식이,0
먹고 자꾸 음식이 더 예전보다 싶어져,0
폭식증이 있어,0
있어 폭식증이,0
식욕이 증가해,0
증가해 식욕이,0
잠은 평소보다 많이 늘었는데 잠을 자고 않아 기분이 좋지 나도,0
잠은 평소보다 많이 늘었는데 잠을 자고 나도 않아 좋지 기분이,0
많이 평소보다 잠은 늘었는데 잠을 자고 나도 기분이 좋지 않아,0
기분이 평소보다 많이 늘었는데 잠을 자고 나도 잠은 좋지 않아,0
잠은 평소보다 잠을 늘었는데 많이 자고 나도 기분이 좋지 않아,0
잠은 평소보다 많이 기분이 잠을 자고 나도 늘었는데 좋지 않아,0
잠은 평소보다 자고 늘었는데 잠을 많이 나도 기분이 좋지 않아,0
잠은 평소보다 많이 늘었는데 잠을 자고 나도 기분이 좋지 않아,0
잠은 평소보다 많이 늘었는데 잠을 자고 나도 기분이 않아 좋지,0
잠은 평소보다 좋지 늘었는데 잠을 자고 나도 기분이 많이 않아,0
하루종일 자고 싶어,0
자고 하루종일 싶어,0
싶어 자고 하루종일,0
하루종일 싶어 자고,0
피곤해 낮에,0
낮에 피곤해,0
2-3시간 하루 정도밖에 자지 못해,0
하루 정도밖에 2-3시간 자지 못해,0
하루 못해 정도밖에 자지 2-3시간,0
하루 2-3시간 정도밖에 자지 못해,0
정도밖에 2-3시간 하루 자지 못해,0
하루 2-3시간 자지 정도밖에 못해,0
하루 자지 정도밖에 2-3시간 못해,0
약 아예 한두시간 잤는데 이젠 먹고 잠에 못 들때가 많아,0
약 먹고 한두시간 잤는데 이젠 아예 잠에 못 들때가 많아,0
약 먹고 잠에 잤는데 이젠 아예 한두시간 못 들때가 많아,0
잤는데 먹고 한두시간 약 이젠 아예 잠에 못 들때가 많아,0
약 먹고 한두시간 들때가 이젠 아예 잠에 못 잤는데 많아,0
약 먹고 한두시간 잤는데 이젠 못 잠에 아예 들때가 많아,0
약 먹고 한두시간 잤는데 이젠 아예 잠에 들때가 못 많아,0
못 먹고 한두시간 잤는데 이젠 아예 잠에 약 들때가 많아,0
약 먹고 한두시간 잤는데 이젠 아예 들때가 못 잠에 많아,0
약 먹고 한두시간 잤는데 이젠 아예 잠에 못 많아 들때가,0
새벽에 자지 더이상 깨서 못해,0
새벽에 더이상 깨서 자지 못해,0
새벽에 깨서 자지 더이상 못해,0
깨서 새벽에 더이상 자지 못해,0
자지 깨서 더이상 새벽에 못해,0
새벽에 깨서 더이상 자지 못해,0
새벽에 깨서 못해 자지 더이상,0
새벽에 깨서 더이상 못해 자지,0
시간이 눈 뜨고 있는 밤에 많아,0
밤에 눈 뜨고 있는 시간이 많아,0
밤에 많아 뜨고 있는 시간이 눈,0
밤에 시간이 뜨고 있는 눈 많아,0
있는 눈 뜨고 밤에 시간이 많아,0
밤에 눈 뜨고 있는 많아 시간이,0
밤에 눈 많아 있는 시간이 뜨고,0
밤에 눈 뜨고 시간이 있는 많아,0
밤에 뜨고 눈 있는 시간이 많아,0
선잠잔 않아 개운치 느낌,0
개운치 느낌 선잠잔 않아,0
않아 느낌 개운치 선잠잔,0
느낌 선잠잔 개운치 않아,0
선잠잔 느낌 개운치 않아,0
약을 먹지 안와 잠이 않으면,0
잠이 먹지 않으면 약을 안와,0
않으면 먹지 약을 잠이 안와,0
약을 잠이 않으면 먹지 안와,0
먹지 약을 않으면 잠이 안와,0
약을 먹지 않으면 안와 잠이,0
약을 먹지 않으면 잠이 안와,0
느껴 불편감을,0
불편감을 느껴,0
모르겠어 잘,0
잘 모르겠어,0
나 자신을 없어 수 주체할,0
주체할 자신을 나 수 없어,0
자신을 나 주체할 수 없어,0
나 자신을 수 주체할 없어,0
없어 자신을 주체할 수 나,0
나 없어 주체할 수 자신을,0
수 자신을 주체할 나 없어,0
나 자신을 주체할 수 없어,0
나 수 주체할 자신을 없어,0
돼 공격적이,0
공격적이 돼,0
짜증이 늘었어,0
늘었어 짜증이,0
짜증이 갑자기 나,0
나 짜증이 갑자기,0
갑자기 나 짜증이,0
갑자기 짜증이 나,0
괜히 나 짜증이,0
짜증이 괜히 나,0
나 짜증이 괜히,0
괜히 짜증이 나,0
다 매사가 짜증나,0
매사가 짜증나 다,0
매사가 다 짜증나,0
짜증나 다 매사가,0
신경질이 늘었어,0
늘었어 신경질이,0
스트레스 받으면서 심해져 기복,0
받으면서 스트레스 기복 심해져,0
심해져 받으면서 기복 스트레스,0
기복 받으면서 스트레스 심해져,0
스트레스 심해져 기복 받으면서,0
스트레스 받으면서 기복 심해져,0
늘 무기력해 피곤하고,0
피곤하고 늘 무기력해,0
무기력해 피곤하고 늘,0
늘 피곤하고 무기력해,0
피곤해 못할 정도로 아무것도,0
못할 아무것도 정도로 피곤해,0
아무것도 못할 정도로 피곤해,0
아무것도 못할 피곤해 정도로,0
정도로 못할 아무것도 피곤해,0
건드려도 반응이 없을 힘이없어 정도로,0
정도로 반응이 없을 건드려도 힘이없어,0
건드려도 없을 반응이 정도로 힘이없어,0
없을 반응이 건드려도 정도로 힘이없어,0
건드려도 반응이 정도로 없을 힘이없어,0
힘이없어 반응이 없을 정도로 건드려도,0
건드려도 반응이 없을 정도로 힘이없어,0
건드려도 정도로 없을 반응이 힘이없어,0
기진맥진해,0
와 슬럼프가,0
슬럼프가 와,0
돼 손을 놓게 전부,0
전부 손을 놓게 돼,0
놓게 손을 전부 돼,0
전부 돼 놓게 손을,0
손을 전부 놓게 돼,0
전부 놓게 손을 돼,0
전부 손을 돼 놓게,0
허무해 사는게,0
사는게 허무해,0
기분이 가라앉으면 다 필요없다는 생각이 들어,0
가라앉으면 기분이 다 필요없다는 생각이 들어,0
다 가라앉으면 기분이 필요없다는 생각이 들어,0
기분이 가라앉으면 다 들어 생각이 필요없다는,0
필요없다는 가라앉으면 다 기분이 생각이 들어,0
기분이 생각이 다 필요없다는 가라앉으면 들어,0
기분이 필요없다는 다 가라앉으면 생각이 들어,0
기분이 가라앉으면 생각이 필요없다는 다 들어,0
기분이 가라앉으면 다 생각이 필요없다는 들어,0
온 힘이없어 몸에,0
몸에 온 힘이없어,0
온 몸에 힘이없어,0
힘이없어 몸에 온,0
의미가 없어,0
없어 의미가,0
내려놓고 전부 싶어,0
싶어 내려놓고 전부,0
전부 싶어 내려놓고,0
전부 내려놓고 싶어,0
후회스러워,0
들어 많이되고 죄책감이 걱정이,0
죄책감이 많이되고 걱정이 들어,0
걱정이 많이되고 들어 죄책감이,0
걱정이 많이되고 죄책감이 들어,0
걱정이 들어 죄책감이 많이되고,0
생각이 뭘 잘못했나 자꾸 내가 들어,0
내가 자꾸 잘못했나 뭘 생각이 들어,0
내가 뭘 자꾸 잘못했나 생각이 들어,0
내가 뭘 잘못했나 생각이 자꾸 들어,0
잘못했나 뭘 내가 자꾸 생각이 들어,0
내가 뭘 생각이 자꾸 잘못했나 들어,0
내가 잘못했나 뭘 자꾸 생각이 들어,0
내가 뭘 잘못했나 자꾸 생각이 들어,0
그냥 점점 스스로가 죄스러워,0
죄스러워 스스로가 점점 그냥,0
점점 스스로가 그냥 죄스러워,0
그냥 스스로가 점점 죄스러워,0
그냥 죄스러워 점점 스스로가,0
안돼 멍하고 집중도 잘 머리가,0
머리가 멍하고 집중도 잘 안돼,0
집중도 멍하고 머리가 잘 안돼,0
머리가 멍하고 집중도 안돼 잘,0
머리가 집중도 멍하고 잘 안돼,0
머리가 멍하고 안돼 잘 집중도,0
잘 멍하고 집중도 머리가 안돼,0
주의력이 같아 것 떨어지는,0
주의력이 떨어지는 것 같아,0
떨어지는 주의력이 것 같아,0
주의력이 것 떨어지는 같아,0
이해력이 것 떨어진 같아,0
것 떨어진 이해력이 같아,0
떨어진 이해력이 것 같아,0
이해력이 떨어진 것 같아,0
같아 떨어진 것 이해력이,0
이해력이 떨어진 같아 것,0
혼란스러워 매우,0
매우 혼란스러워,0
머릿속이 안돼 정리가,0
머릿속이 정리가 안돼,0
정리가 머릿속이 안돼,0
안돼 정리가 머릿속이,0
마음이 안돼 정리가,0
마음이 정리가 안돼,0
정리가 마음이 안돼,0
안돼 정리가 마음이,0
횡설수설해,0
안돼 안정이,0
안정이 안돼,0
어렵고 모든일이 무섭게 느껴졌어,0
모든일이 어렵고 무섭게 느껴졌어,0
모든일이 어렵고 느껴졌어 무섭게,0
모든일이 무섭게 어렵고 느껴졌어,0
모든일이 느껴졌어 무섭게 어렵고,0
느껴졌어 어렵고 무섭게 모든일이,0
어쩔줄을 모르겠어,0
모르겠어 어쩔줄을,0
친구 이름도 적도 안 난 생각이 있어,0
친구 이름도 생각이 안 있어 적도 난,0
친구 이름도 생각이 난 안 적도 있어,0
친구 이름도 생각이 있어 난 적도 안,0
친구 이름도 생각이 적도 난 안 있어,0
친구 이름도 생각이 안 난 적도 있어,0
생각이 이름도 친구 안 난 적도 있어,0
친구 있어 생각이 안 난 적도 이름도,0
떨어져 기억력이,0
기억력이 떨어져,0
말이 어눌해 져,0
어눌해 말이 져,0
져 어눌해 말이,0
말이 져 어눌해,0
한동안 멍하게 무엇을 해야할지 몰라 기분이 막막한 들어,0
기분이 멍하게 무엇을 해야할지 몰라 막막한 한동안 들어,0
한동안 멍하게 무엇을 기분이 몰라 막막한 해야할지 들어,0
한동안 멍하게 무엇을 해야할지 몰라 막막한 기분이 들어,0
한동안 멍하게 몰라 해야할지 무엇을 막막한 기분이 들어,0
들어 멍하게 무엇을 해야할지 몰라 막막한 기분이 한동안,0
한동안 멍하게 기분이 해야할지 몰라 막막한 무엇을 들어,0
한동안 멍하게 무엇을 몰라 해야할지 막막한 기분이 들어,0
한동안 멍하게 무엇을 해야할지 막막한 몰라 기분이 들어,0
몸이 같아 떠있는것 붕,0
몸이 떠있는것 붕 같아,0
몸이 붕 같아 떠있는것,0
떠있는것 붕 몸이 같아,0
같아 붕 떠있는것 몸이,0
붕 몸이 떠있는것 같아,0
몸이 붕 떠있는것 같아,0
기분이 있어 뜰때가 붕,0
뜰때가 붕 기분이 있어,0
기분이 붕 뜰때가 있어,0
붕 기분이 뜰때가 있어,0
있어 붕 뜰때가 기분이,0
떨어졌어 자신감이,0
자신감이 떨어졌어,0
자신이 못할 없고 것 같은 생각만 들어,0
자신이 없고 생각만 것 같은 못할 들어,0
자신이 없고 못할 것 같은 생각만 들어,0
생각만 없고 못할 것 같은 자신이 들어,0
자신이 없고 들어 것 같은 생각만 못할,0
못할 없고 자신이 것 같은 생각만 들어,0
자신이 없고 못할 것 생각만 같은 들어,0
자신이 없고 못할 같은 것 생각만 들어,0
남들은 다 나만 잘하는데 못하는 것 같아,0
남들은 다 잘하는데 나만 못하는 같아 것,0
남들은 것 잘하는데 나만 못하는 다 같아,0
남들은 못하는 잘하는데 나만 다 것 같아,0
남들은 다 잘하는데 나만 못하는 것 같아,0
남들은 다 잘하는데 것 못하는 나만 같아,0
남들은 다 같아 나만 못하는 것 잘하는데,0
다 남들은 잘하는데 나만 못하는 것 같아,0
남들은 나만 잘하는데 다 못하는 것 같아,0
들어 된 것 같아 자괴감이 열등생이,0
같아 된 것 열등생이 자괴감이 들어,0
열등생이 들어 것 같아 자괴감이 된,0
열등생이 된 자괴감이 같아 것 들어,0
된 열등생이 것 같아 자괴감이 들어,0
열등생이 자괴감이 것 같아 된 들어,0
열등생이 된 것 같아 들어 자괴감이,0
열등생이 된 것 같아 자괴감이 들어,0
자괴감이 된 것 같아 열등생이 들어,0
같아 패배자,0
패배자 같아,0
주눅들고 없어 자신감이,0
주눅들고 자신감이 없어,0
없어 자신감이 주눅들고,0
자신감이 주눅들고 없어,0
칭찬받은 없어 적이,0
칭찬받은 적이 없어,0
적이 칭찬받은 없어,0
없어 적이 칭찬받은,0
나름대로 열심히 살았는데 뭔가 이루어진 같아 없는것 것이,0
나름대로 없는것 살았는데 뭔가 이루어진 것이 열심히 같아,0
이루어진 열심히 살았는데 뭔가 나름대로 것이 없는것 같아,0
나름대로 열심히 살았는데 뭔가 없는것 것이 이루어진 같아,0
나름대로 열심히 뭔가 살았는데 이루어진 것이 없는것 같아,0
나름대로 열심히 살았는데 없는것 이루어진 것이 뭔가 같아,0
나름대로 같아 살았는데 뭔가 이루어진 것이 없는것 열심히,0
나름대로 열심히 살았는데 뭔가 이루어진 것이 없는것 같아,0
나름대로 열심히 살았는데 뭔가 것이 이루어진 없는것 같아,0
같아 과대평가하는 것 나를,0
나를 과대평가하는 같아 것,0
것 과대평가하는 나를 같아,0
나를 과대평가하는 것 같아,0
과대평가하는 나를 것 같아,0
나를 것 과대평가하는 같아,0
주변에서 실망했어 줬는데 실제적으로 결과물이 없어 크게 인정해,0
결과물이 인정해 줬는데 실제적으로 주변에서 없어 크게 실망했어,0
없어 인정해 줬는데 실제적으로 결과물이 주변에서 크게 실망했어,0
주변에서 크게 줬는데 실제적으로 결과물이 없어 인정해 실망했어,0
주변에서 인정해 줬는데 실제적으로 결과물이 크게 없어 실망했어,0
크게 인정해 줬는데 실제적으로 결과물이 없어 주변에서 실망했어,0
인정해 주변에서 줬는데 실제적으로 결과물이 없어 크게 실망했어,0
주변에서 인정해 줬는데 결과물이 실제적으로 없어 크게 실망했어,0
주변에서 인정해 줬는데 실제적으로 결과물이 없어 크게 실망했어,0
다른사람에게 좋은 사람으로 인식되고 그러지 싶은데 못하니까 속상해,0
다른사람에게 싶은데 사람으로 인식되고 좋은 그러지 못하니까 속상해,0
인식되고 좋은 사람으로 다른사람에게 싶은데 그러지 못하니까 속상해,0
그러지 좋은 사람으로 인식되고 싶은데 다른사람에게 못하니까 속상해,0
다른사람에게 좋은 사람으로 인식되고 싶은데 못하니까 그러지 속상해,0
못하니까 좋은 사람으로 인식되고 싶은데 그러지 다른사람에게 속상해,0
다른사람에게 좋은 사람으로 싶은데 인식되고 그러지 못하니까 속상해,0
다른사람에게 사람으로 좋은 인식되고 싶은데 그러지 못하니까 속상해,0
다른사람에게 좋은 사람으로 인식되고 싶은데 그러지 못하니까 속상해,0
다른사람에게 좋은 그러지 인식되고 싶은데 사람으로 못하니까 속상해,0
않는 자신을 사랑하지 아무도 것 같아,0
사랑하지 자신을 아무도 않는 것 같아,0
아무도 것 사랑하지 않는 자신을 같아,0
아무도 자신을 같아 않는 것 사랑하지,0
아무도 않는 사랑하지 자신을 것 같아,0
같아 자신을 사랑하지 않는 것 아무도,0
아무도 자신을 것 않는 사랑하지 같아,0
아무도 자신을 사랑하지 않는 것 같아,0
이전에 모습이 내 없어진 것 같아,0
이전에 내 것 없어진 모습이 같아,0
이전에 내 같아 없어진 것 모습이,0
이전에 내 모습이 없어진 것 같아,0
이전에 내 없어진 모습이 것 같아,0
없어진 내 모습이 이전에 것 같아,0
이전에 내 모습이 없어진 같아 것,0
똑똑하고 이쁜 이미지가 사라져,0
사라져 이쁜 이미지가 똑똑하고,0
똑똑하고 이쁜 사라져 이미지가,0
이미지가 이쁜 똑똑하고 사라져,0
똑똑하고 사라져 이미지가 이쁜,0
똑똑하고 이미지가 이쁜 사라져,0
내가 같아 것 바보인,0
내가 바보인 같아 것,0
내가 바보인 것 같아,0
내가 것 바보인 같아,0
같아 바보인 것 내가,0
것을 모든 다 잃어버린 것 같아.,0
모든 다 것을 잃어버린 것 같아.,0
모든 것을 잃어버린 다 것 같아.,0
모든 것을 다 잃어버린 것 같아.,0
것 것을 다 잃어버린 모든 같아.,0
모든 같아. 다 잃어버린 것 것을,0
모든 것 다 잃어버린 것을 같아.,0
좋아질거라는 기대감이 안 들고 살아야 들어 생각도 안 겠다는,0
좋아질거라는 기대감이 안 들고 살아야 겠다는 생각도 안 들어,0
좋아질거라는 기대감이 안 겠다는 살아야 들고 생각도 안 들어,0
좋아질거라는 기대감이 안 생각도 살아야 겠다는 들고 안 들어,0
살아야 기대감이 안 들고 좋아질거라는 겠다는 생각도 안 들어,0
좋아질거라는 기대감이 안 들고 살아야 겠다는 안 생각도 들어,0
좋아질거라는 기대감이 안 들고 생각도 겠다는 살아야 안 들어,0
이제는 일도 하겠어 못,0
이제는 하겠어 못 일도,0
하겠어 일도 못 이제는,0
이제는 못 일도 하겠어,0
이제는 일도 못 하겠어,0
일도 이제는 못 하겠어,0
생각이 죽고싶다는 든다,1
든다 생각이 죽고싶다는,1
죽고싶다는 든다 생각이,1
죽고싶다는 생각이 든다,1
한다 대한 생각을 죽음에,1
죽음에 대한 생각을 한다,1
죽음에 생각을 대한 한다,1
대한 죽음에 생각을 한다,1
죽음에 한다 생각을 대한,1
죽음에 대한 한다 생각을,1
자살에 생각을 대한 한다,1
생각을 대한 자살에 한다,1
자살에 대한 한다 생각을,1
한다 대한 생각을 자살에,1
자살에 대한 생각을 한다,1
자살에 한다 생각을 대한,1
스스로 죽고싶다,1
죽고싶다 스스로,1
무섭다 나를 죽일까봐 내가,1
나를 내가 죽일까봐 무섭다,1
내가 나를 죽일까봐 무섭다,1
죽일까봐 나를 내가 무섭다,1
살고싶지 이유없이 않다,1
이유없이 살고싶지 않다,1
않다 살고싶지 이유없이,1
죽고만 싶다,1
싶다 죽고만,1
재미없어졌다 삶이,1
삶이 재미없어졌다,1
자살충동이 든다,1
든다 자살충동이,1
죽고싶다 힘겨워 사는게,1
힘겨워 사는게 죽고싶다,1
사는게 힘겨워 죽고싶다,1
사는게 죽고싶다 힘겨워,1
죽고싶다는 생각이 항상든다,1
죽고싶다는 항상든다 생각이,1
생각이 죽고싶다는 항상든다,1
항상든다 생각이 죽고싶다는,1
좋겠다 깨어났으면 안,1
안 깨어났으면 좋겠다,1
깨어났으면 안 좋겠다,1
안 좋겠다 깨어났으면,1
운전하다가 떨어졌으면 낭떠러지로 확 좋겠다,1
운전하다가 확 떨어졌으면 낭떠러지로 좋겠다,1
운전하다가 좋겠다 낭떠러지로 떨어졌으면 확,1
운전하다가 확 낭떠러지로 좋겠다 떨어졌으면,1
좋겠다 확 낭떠러지로 떨어졌으면 운전하다가,1
운전하다가 확 낭떠러지로 떨어졌으면 좋겠다,1
운전하다가 확 좋겠다 떨어졌으면 낭떠러지로,1
죽고싶다 차라리,1
차라리 죽고싶다,1
다 포기하고싶다,1
포기하고싶다 다,1
생각이 일어나면 죽고싶다는 아침에 든다,1
아침에 일어나면 든다 생각이 죽고싶다는,1
아침에 일어나면 생각이 죽고싶다는 든다,1
아침에 일어나면 죽고싶다는 든다 생각이,1
일어나면 아침에 죽고싶다는 생각이 든다,1
든다 일어나면 죽고싶다는 생각이 아침에,1
아침에 일어나면 죽고싶다는 생각이 든다,1
아침에 생각이 죽고싶다는 일어나면 든다,1
죽고싶다 쓸모없고 자신이,1
쓸모없고 자신이 죽고싶다,1
자신이 쓸모없고 죽고싶다,1
자신이 죽고싶다 쓸모없고,1
사는게 귀찮다,1
귀찮다 사는게,1
살만큼 살았다,1
살았다 살만큼,1
이렇게 왜 사나,1
이렇게 사나 왜,1
왜 이렇게 사나,1
나하나 없어지면 좋겠구나,1
없어지면 나하나 좋겠구나,1
나하나 좋겠구나 없어지면,1
좋겠구나 없어지면 나하나,1
않았으면 눈을감고 뜨지 이대로 좋겠다,1
이대로 좋겠다 뜨지 않았으면 눈을감고,1
이대로 뜨지 눈을감고 않았으면 좋겠다,1
이대로 않았으면 뜨지 눈을감고 좋겠다,1
눈을감고 이대로 뜨지 않았으면 좋겠다,1
이대로 눈을감고 뜨지 않았으면 좋겠다,1
없다 의욕이 삶에,1
삶에 의욕이 없다,1
삶에 없다 의욕이,1
의욕이 삶에 없다,1
그었다 손목을,1
손목을 그었다,1
많이 약을 먹었다,1
약을 많이 먹었다,1
약을 먹었다 많이,1
목을 샤워기에 감아보았다,1
감아보았다 목을 샤워기에,1
샤워기에 감아보았다 목을,1
샤워기에 목을 감아보았다,1
뛰어내렸다 아파트에서,1
아파트에서 뛰어내렸다,1
목을 전깃줄로 메었다,1
전깃줄로 목을 메었다,1
전깃줄로 메었다 목을,1
메었다 목을 전깃줄로,1
술을 약과 같이 마셨다,1
약과 술을 같이 마셨다,1
약과 같이 술을 마셨다,1
같이 술을 약과 마셨다,1
약과 술을 마셨다 같이,1
마셨다 술을 같이 약과,1
20알을 수면제 먹었다.,1
수면제 먹었다. 20알을,1
먹었다. 20알을 수면제,1
수면제 20알을 먹었다.,1
사다가 칼 방에 가져다 놨다,1
칼 사다가 방에 놨다 가져다,1
가져다 사다가 방에 칼 놨다,1
칼 방에 사다가 가져다 놨다,1
칼 사다가 가져다 방에 놨다,1
칼 가져다 방에 사다가 놨다,1
칼 사다가 방에 가져다 놨다,1
했다 메달려고 목을,1
목을 했다 메달려고,1
메달려고 목을 했다,1
목을 메달려고 했다,1
창 뛰어내리겠다 밖으로,1
창 밖으로 뛰어내리겠다,1
밖으로 창 뛰어내리겠다,1
뛰어내리겠다 밖으로 창,1
커튼 봉에 목도리로 목울 메달려고 했다,1
커튼 봉에 메달려고 목울 목도리로 했다,1
봉에 커튼 목도리로 목울 메달려고 했다,1
커튼 봉에 목울 목도리로 메달려고 했다,1
커튼 목도리로 봉에 목울 메달려고 했다,1
메달려고 봉에 목도리로 목울 커튼 했다,1
했다 봉에 목도리로 목울 메달려고 커튼,1
방범창에 넥타이를 걸고 매달려고 목 했다,1
했다 넥타이를 걸고 목 매달려고 방범창에,1
걸고 넥타이를 방범창에 목 매달려고 했다,1
목 넥타이를 걸고 방범창에 매달려고 했다,1
매달려고 넥타이를 걸고 목 방범창에 했다,1
넥타이를 방범창에 걸고 목 매달려고 했다,1
방범창에 목 걸고 넥타이를 매달려고 했다,1
방범창에 걸고 넥타이를 목 매달려고 했다,1
방범창에 넥타이를 걸고 목 매달려고 했다,1
수면제를 모았다,1
모았다 수면제를,1
핸드백에 약을 다닌다. 기지고,1
약을 핸드백에 기지고 다닌다.,1
기지고 약을 핸드백에 다닌다.,1
핸드백에 다닌다. 기지고 약을,1
핸드백에 약을 기지고 다닌다.,1
생각이 죽고싶다는 들어,1
죽고싶다는 들어 생각이,1
죽고싶다는 생각이 들어,1
들어 생각이 죽고싶다는,1
해 대한 생각은 죽음에,1
죽음에 해 생각은 대한,1
대한 죽음에 생각은 해,1
죽음에 대한 생각은 해,1
죽음에 대한 해 생각은,1
죽음에 생각은 대한 해,1
생각은 대한 죽음에 해,1
대한 자살에 생각을 해,1
자살에 대한 해 생각을,1
해 대한 생각을 자살에,1
자살에 해 생각을 대한,1
자살에 대한 생각을 해,1
스스로 죽고싶어,1
죽고싶어 스스로,1
이유없이 않아 살고싶지,1
이유없이 살고싶지 않아,1
살고싶지 이유없이 않아,1
죽고만 싶어,1
싶어 죽고만,1
삶이 재미없어졌어,1
재미없어졌어 삶이,1
자살충동이 들어,1
들어 자살충동이,1
힘겨워 사는게 죽고싶어,1
죽고싶어 힘겨워 사는게,1
사는게 죽고싶어 힘겨워,1
사는게 힘겨워 죽고싶어,1
항상들어 생각이 죽고싶다는,1
죽고싶다는 생각이 항상들어,1
죽고싶다는 항상들어 생각이,1
생각이 죽고싶다는 항상들어,1
좋겠어 깨어났으면 안,1
안 깨어났으면 좋겠어,1
깨어났으면 안 좋겠어,1
안 좋겠어 깨어났으면,1
운전하다가 떨어졌으면 낭떠러지로 확 좋겠어,1
운전하다가 확 좋겠어 떨어졌으면 낭떠러지로,1
낭떠러지로 확 운전하다가 떨어졌으면 좋겠어,1
운전하다가 좋겠어 낭떠러지로 떨어졌으면 확,1
운전하다가 확 낭떠러지로 떨어졌으면 좋겠어,1
운전하다가 확 떨어졌으면 낭떠러지로 좋겠어,1
떨어졌으면 확 낭떠러지로 운전하다가 좋겠어,1
죽고싶어 차라리,1
차라리 죽고싶어,1
포기하고싶어 다,1
다 포기하고싶어,1
아침에 들어 죽고싶다는 생각이 일어나면,1
아침에 생각이 죽고싶다는 일어나면 들어,1
아침에 일어나면 들어 생각이 죽고싶다는,1
아침에 일어나면 죽고싶다는 생각이 들어,1
아침에 일어나면 생각이 죽고싶다는 들어,1
자신이 쓸모없고 죽고싶어,1
자신이 죽고싶어 쓸모없고,1
죽고싶어 쓸모없고 자신이,1
쓸모없고 자신이 죽고싶어,1
눈을감고 이대로 뜨지 않았으면 좋겠어,1
이대로 눈을감고 않았으면 뜨지 좋겠어,1
뜨지 눈을감고 이대로 않았으면 좋겠어,1
좋겠어 눈을감고 뜨지 않았으면 이대로,1
이대로 뜨지 눈을감고 않았으면 좋겠어,1
이대로 않았으면 뜨지 눈을감고 좋겠어,1
이대로 눈을감고 뜨지 좋겠어 않았으면,1
이대로 눈을감고 뜨지 않았으면 좋겠어,1
삶에 없어 의욕이,1
의욕이 삶에 없어,1
없어 의욕이 삶에,1
삶에 의욕이 없어,1
손목을 그었어,1
그었어 손목을,1
약을 먹었어 많이,1
많이 약을 먹었어,1
약을 많이 먹었어,1
먹었어 많이 약을,1
메었어 목을 전깃줄로,1
목을 전깃줄로 메었어,1
전깃줄로 메었어 목을,1
전깃줄로 목을 메었어,1
메달려고 목을 했어,1
목을 메달려고 했어,1
했어 메달려고 목을,1
밖으로 창 뛰어내리겠어,1
창 뛰어내리겠어 밖으로,1
뛰어내리겠어 밖으로 창,1
창 밖으로 뛰어내리겠어,1
봉에 커튼 목도리로 목울 메달려고 했어,1
커튼 봉에 목도리로 목울 메달려고 했어,1
커튼 봉에 했어 목울 메달려고 목도리로,1
커튼 봉에 메달려고 목울 목도리로 했어,1
커튼 봉에 목울 목도리로 메달려고 했어,1
커튼 목도리로 봉에 목울 메달려고 했어,1
방범창에 했어 걸고 목 매달려고 넥타이를,1
방범창에 넥타이를 매달려고 목 걸고 했어,1
방범창에 넥타이를 걸고 목 매달려고 했어,1
목 넥타이를 걸고 방범창에 매달려고 했어,1
방범창에 넥타이를 걸고 했어 매달려고 목,1
걸고 넥타이를 방범창에 목 매달려고 했어,1
방범창에 넥타이를 걸고 목 했어 매달려고,1
했어 넥타이를 걸고 목 매달려고 방범창에,1
많아 싶었던 순간이 너무 자살하고,1
자살하고 많아 순간이 너무 싶었던,1
자살하고 순간이 싶었던 너무 많아,1
자살하고 싶었던 순간이 많아 너무,1
자살하고 싶었던 순간이 너무 많아,1
자살하고 싶었던 너무 순간이 많아,1
자살하고 싶었던 많아 너무 순간이,1
올라가서 옥상에 뛰어내리고 싶어,1
뛰어내리고 올라가서 옥상에 싶어,1
옥상에 뛰어내리고 올라가서 싶어,1
싶어 올라가서 뛰어내리고 옥상에,1
옥상에 싶어 뛰어내리고 올라가서,1
옥상에 올라가서 뛰어내리고 싶어,1
옥상에 올라가서 싶어 뛰어내리고,1
죽어도 하나는 나 세상은 변하지 않을거야,1
나 하나는 죽어도 변하지 세상은 않을거야,1
나 하나는 않을거야 세상은 변하지 죽어도,1
나 하나는 변하지 세상은 죽어도 않을거야,1
나 하나는 죽어도 세상은 변하지 않을거야,1
하나는 나 죽어도 세상은 변하지 않을거야,1
나 죽어도 하나는 세상은 변하지 않을거야,1
평생 싶어 잠들고,1
싶어 잠들고 평생,1
평생 잠들고 싶어,1
잠들고 평생 싶어,1
끈으로 목을 적이 묶어본 있어,1
적이 목을 묶어본 끈으로 있어,1
끈으로 묶어본 목을 적이 있어,1
끈으로 목을 묶어본 있어 적이,1
묶어본 목을 끈으로 적이 있어,1
끈으로 목을 묶어본 적이 있어,1
있어 목을 묶어본 적이 끈으로,1
끈으로 적이 묶어본 목을 있어,1
끈으로 목을 있어 적이 묶어본,1
나를 누군가 죽여줬으면 좋겠어,1
누군가 죽여줬으면 나를 좋겠어,1
누군가 나를 죽여줬으면 좋겠어,1
좋겠어 나를 죽여줬으면 누군가,1
누군가 나를 좋겠어 죽여줬으면,1
내가 너무 죽여버리고 그냥 싫어서 싶어,1
내가 너무 싫어서 싶어 죽여버리고 그냥,1
내가 너무 싫어서 죽여버리고 그냥 싶어,1
내가 싶어 싫어서 그냥 죽여버리고 너무,1
내가 너무 그냥 싫어서 죽여버리고 싶어,1
내가 너무 싫어서 그냥 죽여버리고 싶어,1
너무 내가 싫어서 그냥 죽여버리고 싶어,1
내가 죽여버리고 싫어서 그냥 너무 싶어,1
자해 시도를 했어,1
자해 했어 시도를,1
시도를 자해 했어,1
했어 시도를 자해,1
커터칼로 손목을 그어봤어,1
손목을 커터칼로 그어봤어,1
커터칼로 그어봤어 손목을,1
그어봤어 손목을 커터칼로,1
죽고 싶다는 생각이 자꾸 들어,1
죽고 생각이 싶다는 자꾸 들어,1
들어 싶다는 생각이 자꾸 죽고,1
자꾸 싶다는 생각이 죽고 들어,1
죽고 싶다는 들어 자꾸 생각이,1
생각이 싶다는 죽고 자꾸 들어,1
죽고 자꾸 생각이 싶다는 들어,1
내가 아무도 죽어도 신경 안 쓸거야,1
내가 죽어도 쓸거야 신경 안 아무도,1
내가 죽어도 아무도 신경 안 쓸거야,1
내가 죽어도 아무도 안 신경 쓸거야,1
내가 죽어도 아무도 쓸거야 안 신경,1
안 죽어도 아무도 신경 내가 쓸거야,1
슬퍼하시겠지? 죽으면 부모님이 내가,1
부모님이 죽으면 내가 슬퍼하시겠지?,1
내가 죽으면 슬퍼하시겠지? 부모님이,1
내가 죽으면 부모님이 슬퍼하시겠지?,1
죽으면 내가 부모님이 슬퍼하시겠지?,1
내가 부모님이 죽으면 슬퍼하시겠지?,1
싶어 나를 찌르고 칼로,1
칼로 찌르고 나를 싶어,1
칼로 나를 찌르고 싶어,1
찌르고 나를 칼로 싶어,1
나를 칼로 찌르고 싶어,1
칼로 싶어 찌르고 나를,1
사람들이 내가 죽기를 바라는 것 같아,1
것 내가 죽기를 바라는 사람들이 같아,1
사람들이 내가 죽기를 것 바라는 같아,1
사람들이 죽기를 내가 바라는 것 같아,1
내가 사람들이 죽기를 바라는 것 같아,1
같아 내가 죽기를 바라는 것 사람들이,1
사람들이 바라는 죽기를 내가 것 같아,1
사람들이 내가 죽기를 같아 것 바라는,1
바라는 내가 죽기를 사람들이 것 같아,1
아침부터 그냥 싫어 살기가 하루를,1
살기가 그냥 하루를 아침부터 싫어,1
싫어 그냥 하루를 살기가 아침부터,1
아침부터 그냥 하루를 살기가 싫어,1
아침부터 살기가 하루를 그냥 싫어,1
아침부터 하루를 그냥 살기가 싫어,1
아침부터 그냥 살기가 하루를 싫어,1
아침부터 싫어 하루를 살기가 그냥,1
같이 다 그냥 죽었으면 좋겠어,1
다 같이 그냥 죽었으면 좋겠어,1
다 그냥 같이 죽었으면 좋겠어,1
좋겠어 같이 그냥 죽었으면 다,1
다 죽었으면 그냥 같이 좋겠어,1
그냥 같이 다 죽었으면 좋겠어,1
다 같이 죽었으면 그냥 좋겠어,1
다 좋겠어 그냥 죽었으면 같이,1
누구도 않을거야 죽음을 슬퍼하지 나의,1
누구도 슬퍼하지 죽음을 나의 않을거야,1
슬퍼하지 나의 죽음을 누구도 않을거야,1
누구도 나의 죽음을 슬퍼하지 않을거야,1
누구도 죽음을 나의 슬퍼하지 않을거야,1
누구도 나의 죽음을 않을거야 슬퍼하지,1
누구도 나의 슬퍼하지 죽음을 않을거야,1
않을거야 나의 죽음을 슬퍼하지 누구도,1
죽고싶어 그냥,1
그냥 죽고싶어,1
그냥 뛰어 내릴까?,1
내릴까? 뛰어 그냥,1
그냥 내릴까? 뛰어,1
뛰어 그냥 내릴까?,1
가서 한강에 뛰어내리고 싶어,1
한강에 가서 싶어 뛰어내리고,1
한강에 싶어 뛰어내리고 가서,1
한강에 뛰어내리고 가서 싶어,1
뛰어내리고 가서 한강에 싶어,1
한강에 가서 뛰어내리고 싶어,1
죽고 모르겠어 어떻게 죽으면 좋을지 싶은데,1
죽으면 싶은데 어떻게 죽고 좋을지 모르겠어,1
어떻게 싶은데 죽고 죽으면 좋을지 모르겠어,1
죽고 어떻게 싶은데 죽으면 좋을지 모르겠어,1
죽고 좋을지 어떻게 죽으면 싶은데 모르겠어,1
죽고 싶은데 좋을지 죽으면 어떻게 모르겠어,1
죽고 싶은데 어떻게 죽으면 모르겠어 좋을지,1
죽고 싶은데 어떻게 죽으면 좋을지 모르겠어,1
좋을까 자살하면 어떻게,1
어떻게 좋을까 자살하면,1
자살하면 어떻게 좋을까,1
어떻게 자살하면 좋을까,1
선임이 죽으라고 나보고 했어,1
선임이 했어 죽으라고 나보고,1
선임이 나보고 했어 죽으라고,1
선임이 나보고 죽으라고 했어,1
나보고 선임이 죽으라고 했어,1
죽으라고 나보고 선임이 했어,1
동기가 그냥 나한테 죽어버리래,1
동기가 나한테 죽어버리래 그냥,1
나한테 동기가 그냥 죽어버리래,1
죽어버리래 나한테 그냥 동기가,1
동기가 나한테 그냥 죽어버리래,1
죽으면 들까? 기분이 어떤,1
죽으면 어떤 들까? 기분이,1
죽으면 어떤 기분이 들까?,1
어떤 죽으면 기분이 들까?,1
나쁜 자살이 걸까?,1
자살이 나쁜 걸까?,1
자살이 걸까? 나쁜,1
걸까? 나쁜 자살이,1
내가 자살하면 사람들이 어떤 반응을 궁금해 보일지,1
내가 자살하면 사람들이 반응을 어떤 보일지 궁금해,1
내가 보일지 사람들이 어떤 반응을 자살하면 궁금해,1
보일지 자살하면 사람들이 어떤 반응을 내가 궁금해,1
궁금해 자살하면 사람들이 어떤 반응을 보일지 내가,1
내가 반응을 사람들이 어떤 자살하면 보일지 궁금해,1
반응을 자살하면 사람들이 어떤 내가 보일지 궁금해,1
내가 자살하면 사람들이 어떤 반응을 보일지 궁금해,1
자살하면 내가 사람들이 어떤 반응을 보일지 궁금해,1
내가 자살하면 사람들이 궁금해 반응을 보일지 어떤,1
나는 쓸모없고 마땅한 죽어 녀석이야,1
나는 쓸모없고 죽어 마땅한 녀석이야,1
쓸모없고 나는 죽어 마땅한 녀석이야,1
녀석이야 쓸모없고 죽어 마땅한 나는,1
나는 마땅한 죽어 쓸모없고 녀석이야,1
죽어 쓸모없고 나는 마땅한 녀석이야,1
시발 싶어 죽고 그냥,1
시발 죽고 싶어 그냥,1
시발 그냥 싶어 죽고,1
시발 죽고 그냥 싶어,1
그냥 죽고 싶어 시발,1
싶어 죽고 시발 그냥,1
죽고 시발 싶어 그냥,1
자살해도 않을거야 슬퍼해주지 아무도,1
아무도 자살해도 슬퍼해주지 않을거야,1
않을거야 아무도 슬퍼해주지 자살해도,1
자살해도 슬퍼해주지 아무도 않을거야,1
슬퍼해주지 아무도 자살해도 않을거야,1
자살해도 아무도 슬퍼해주지 않을거야,1
자살해도 아무도 않을거야 슬퍼해주지,1
싶어 자신을 죽여버리고 나,1
나 자신을 싶어 죽여버리고,1
나 죽여버리고 자신을 싶어,1
죽여버리고 자신을 나 싶어,1
자신을 나 죽여버리고 싶어,1
나 싶어 죽여버리고 자신을,1
나 자신을 죽여버리고 싶어,1
좋을까? 자살하면 어떻게,1
어떻게 자살하면 좋을까?,1
어떻게 좋을까? 자살하면,1
자살하면 어떻게 좋을까?,1
해 병신이야 죽어버려야 나는,1
죽어버려야 병신이야 나는 해,1
나는 해 죽어버려야 병신이야,1
나는 병신이야 죽어버려야 해,1
나는 죽어버려야 병신이야 해,1
병신이야 나는 죽어버려야 해,1
옥상에서 많이 죽으면 떨어져 아플까?,1
아플까? 떨어져 죽으면 많이 옥상에서,1
옥상에서 떨어져 죽으면 아플까? 많이,1
옥상에서 떨어져 죽으면 많이 아플까?,1
죽으면 떨어져 옥상에서 많이 아플까?,1
떨어져 옥상에서 죽으면 많이 아플까?,1
옥상에서 떨어져 많이 죽으면 아플까?,1
항상 죽고싶다는 생각이 않아 떠나질 머리에서,1
떠나질 죽고싶다는 생각이 머리에서 항상 않아,1
머리에서 죽고싶다는 생각이 항상 떠나질 않아,1
항상 죽고싶다는 생각이 머리에서 떠나질 않아,1
항상 생각이 죽고싶다는 머리에서 떠나질 않아,1
항상 죽고싶다는 않아 머리에서 떠나질 생각이,1
항상 죽고싶다는 생각이 떠나질 머리에서 않아,1
생각이 죽고싶다는 항상 머리에서 떠나질 않아,1
항상 않아 생각이 머리에서 떠나질 죽고싶다는,1
않아 죽고싶다는 생각이 머리에서 떠나질 항상,1
군대에서 자살하려면 어떻게 해야할까,1
군대에서 어떻게 자살하려면 해야할까,1
해야할까 자살하려면 어떻게 군대에서,1
어떻게 자살하려면 군대에서 해야할까,1
군대에서 해야할까 어떻게 자살하려면,1
군대에서 자살하려면 해야할까 어떻게,1
다 죽여버리고 나도 싶어 죽어버리고,1
다 죽여버리고 죽어버리고 나도 싶어,1
싶어 죽여버리고 나도 죽어버리고 다,1
다 죽여버리고 나도 죽어버리고 싶어,1
다 죽어버리고 나도 죽여버리고 싶어,1
나도 죽여버리고 다 죽어버리고 싶어,1
고통없이 죽고싶어,1
죽고싶어 고통없이,1
제가 너무 자살을 받아서 스트레스를 하려구요,1
제가 하려구요 스트레스를 받아서 자살을 너무,1
제가 받아서 스트레스를 너무 자살을 하려구요,1
제가 너무 스트레스를 받아서 하려구요 자살을,1
너무 제가 스트레스를 받아서 자살을 하려구요,1
제가 너무 받아서 스트레스를 자살을 하려구요,1
자살을 너무 스트레스를 받아서 제가 하려구요,1
제가 너무 스트레스를 받아서 자살을 하려구요,1
하려구요 너무 스트레스를 받아서 자살을 제가,1
저는 곧 죽어 있을 겁니다,1
있을 곧 죽어 저는 겁니다,1
겁니다 곧 죽어 있을 저는,1
저는 있을 죽어 곧 겁니다,1
죽어 곧 저는 있을 겁니다,1
저는 죽어 곧 있을 겁니다,1
저는 곧 있을 죽어 겁니다,1
곧 저는 죽어 있을 겁니다,1
신종자살수법을 알려주세요,1
알려주세요 신종자살수법을,1
자살한다 난,1
난 자살한다,1
했는데... 자살하려고,1
자살하려고 했는데...,1
선임들때문에 자살해버리고싶어요 그냥,1
선임들때문에 그냥 자살해버리고싶어요,1
자살해버리고싶어요 그냥 선임들때문에,1
그냥 선임들때문에 자살해버리고싶어요,1
다 그냥 죽여버리고 자살할련다,1
그냥 죽여버리고 다 자살할련다,1
다 죽여버리고 그냥 자살할련다,1
다 자살할련다 그냥 죽여버리고,1
죽여버리고 다 그냥 자살할련다,1
자살할련다 죽여버리고 그냥 다,1
모든일이 안풀려서 술김에 기숙사에 올라가서 자살하려 했어요,1
모든일이 안풀려서 술김에 했어요 올라가서 자살하려 기숙사에,1
모든일이 안풀려서 자살하려 기숙사에 올라가서 술김에 했어요,1
모든일이 자살하려 술김에 기숙사에 올라가서 안풀려서 했어요,1
모든일이 안풀려서 술김에 올라가서 기숙사에 자살하려 했어요,1
모든일이 안풀려서 술김에 기숙사에 올라가서 했어요 자살하려,1
안풀려서 모든일이 술김에 기숙사에 올라가서 자살하려 했어요,1
기숙사에 안풀려서 술김에 모든일이 올라가서 자살하려 했어요,1
그냥 안받고 상처 자살하고 싶어요,1
자살하고 안받고 그냥 상처 싶어요,1
상처 안받고 그냥 자살하고 싶어요,1
상처 안받고 그냥 싶어요 자살하고,1
상처 안받고 싶어요 자살하고 그냥,1
안받고 상처 그냥 자살하고 싶어요,1
상처 싶어요 그냥 자살하고 안받고,1
너무 짜증나서 생각도 자살할라는 많이 했어요,1
너무 짜증나서 자살할라는 많이 생각도 했어요,1
너무 많이 자살할라는 생각도 짜증나서 했어요,1
생각도 짜증나서 자살할라는 너무 많이 했어요,1
많이 짜증나서 자살할라는 생각도 너무 했어요,1
했어요 짜증나서 자살할라는 생각도 많이 너무,1
너무 짜증나서 자살할라는 생각도 많이 했어요,1
너무 했어요 자살할라는 생각도 많이 짜증나서,1
너무 생각도 자살할라는 짜증나서 많이 했어요,1
해야할텐데 자살을 얼른,1
자살을 얼른 해야할텐데,1
얼른 해야할텐데 자살을,1
얼른 자살을 해야할텐데,1
나 그냥 자살할란다,1
나 자살할란다 그냥,1
그냥 나 자살할란다,1
자살할란다 그냥 나,1
싶어 땐 죽어버리고 어쩔,1
어쩔 죽어버리고 땐 싶어,1
땐 어쩔 죽어버리고 싶어,1
어쩔 싶어 죽어버리고 땐,1
어쩔 땐 죽어버리고 싶어,1
어쩔 땐 싶어 죽어버리고,1
그냥 죽어버려서 쉴까라는 편히 생각도 들구요,1
그냥 죽어버려서 편히 생각도 쉴까라는 들구요,1
쉴까라는 죽어버려서 편히 그냥 생각도 들구요,1
죽어버려서 그냥 편히 쉴까라는 생각도 들구요,1
그냥 죽어버려서 편히 쉴까라는 들구요 생각도,1
그냥 죽어버려서 편히 쉴까라는 생각도 들구요,1
해요 싶다는 말을 자주 죽고,1
싶다는 죽고 말을 자주 해요,1
죽고 해요 말을 자주 싶다는,1
말을 싶다는 죽고 자주 해요,1
죽고 싶다는 말을 자주 해요,1
죽고 말을 싶다는 자주 해요,1
죽고 싶다는 말을 해요 자주,1
죽고 싶다는 해요 자주 말을,1
마음이 너무 아파서 죽고싶어 진심으로,1
마음이 너무 죽고싶어 진심으로 아파서,1
죽고싶어 너무 아파서 진심으로 마음이,1
마음이 너무 아파서 진심으로 죽고싶어,1
마음이 진심으로 아파서 너무 죽고싶어,1
아파서 너무 마음이 진심으로 죽고싶어,1
진심으로 너무 아파서 마음이 죽고싶어,1
마음이 죽고싶어 아파서 진심으로 너무,1
그냥 죽고싶습니다 이대로,1
이대로 그냥 죽고싶습니다,1
그냥 이대로 죽고싶습니다,1
죽고싶다는 생각이 듭니다,1
죽고싶다는 듭니다 생각이,1
생각이 죽고싶다는 듭니다,1
듭니다 생각이 죽고싶다는,1
이제 저는 죽고 싶습니다,1
이제 싶습니다 죽고 저는,1
죽고 저는 이제 싶습니다,1
이제 죽고 저는 싶습니다,1
이제 저는 싶습니다 죽고,1
진짜 죽고싶은 있어요 마음도,1
진짜 죽고싶은 마음도 있어요,1
마음도 죽고싶은 진짜 있어요,1
죽고싶은 진짜 마음도 있어요,1
죽고싶다는 죽어도 안들지만 생각은 상관없는 인생이야,1
상관없는 생각은 안들지만 죽어도 죽고싶다는 인생이야,1
죽고싶다는 생각은 죽어도 안들지만 상관없는 인생이야,1
안들지만 생각은 죽고싶다는 죽어도 상관없는 인생이야,1
죽어도 생각은 안들지만 죽고싶다는 상관없는 인생이야,1
죽고싶다는 생각은 안들지만 죽어도 상관없는 인생이야,1
죽고싶다는 생각은 안들지만 상관없는 죽어도 인생이야,1
죽고싶다는 상관없는 안들지만 죽어도 생각은 인생이야,1
군생활 죽고 때문에 싶을 정도로 힘들어요,1
군생활 때문에 정도로 싶을 죽고 힘들어요,1
때문에 군생활 죽고 싶을 정도로 힘들어요,1
군생활 때문에 죽고 싶을 정도로 힘들어요,1
군생활 때문에 싶을 죽고 정도로 힘들어요,1
군생활 정도로 죽고 싶을 때문에 힘들어요,1
군생활 싶을 죽고 때문에 정도로 힘들어요,1
군생활 때문에 힘들어요 싶을 정도로 죽고,1
가끔씩은 죽고싶다는 생각도 합니다,1
가끔씩은 죽고싶다는 합니다 생각도,1
죽고싶다는 가끔씩은 생각도 합니다,1
가끔씩은 생각도 죽고싶다는 합니다,1
가끔씩은 합니다 생각도 죽고싶다는,1
하루하루 죽고 싶은 생각 뿐인데,1
생각 죽고 싶은 하루하루 뿐인데,1
싶은 죽고 하루하루 생각 뿐인데,1
하루하루 죽고 생각 싶은 뿐인데,1
하루하루 생각 싶은 죽고 뿐인데,1
하루하루 뿐인데 싶은 생각 죽고,1
하루하루 싶은 죽고 생각 뿐인데,1
하루하루 죽고 싶은 뿐인데 생각,1
죽고싶다 아,1
아 죽고싶다,1
맨날 않네요 싶은데 죽어지진 죽고,1
맨날 싶은데 죽고 죽어지진 않네요,1
싶은데 죽고 맨날 죽어지진 않네요,1
맨날 죽고 않네요 죽어지진 싶은데,1
맨날 죽고 싶은데 죽어지진 않네요,1
맨날 죽고 죽어지진 싶은데 않네요,1
죽고 맨날 싶은데 죽어지진 않네요,1
죽고싶었는데 참았어,1
참았어 죽고싶었는데,1
죽고싶습니다 정말,1
정말 죽고싶습니다,1
죽고싶다 진짜,1
진짜 죽고싶다,1
자살시도를 괴롭힘때문에 했어,1
괴롭힘때문에 자살시도를 했어,1
했어 자살시도를 괴롭힘때문에,1
괴롭힘때문에 했어 자살시도를,1
내 자살하고 들통나서 비밀이 싶어,1
내 비밀이 싶어 자살하고 들통나서,1
내 비밀이 들통나서 자살하고 싶어,1
내 싶어 들통나서 자살하고 비밀이,1
비밀이 내 들통나서 자살하고 싶어,1
또 선임에게 혼나면 자살 해버릴 거 같아,1
또 선임에게 혼나면 해버릴 자살 거 같아,1
또 선임에게 해버릴 자살 혼나면 거 같아,1
같아 선임에게 혼나면 자살 해버릴 거 또,1
선임에게 또 혼나면 자살 해버릴 거 같아,1
또 선임에게 혼나면 같아 해버릴 거 자살,1
또 거 혼나면 자살 해버릴 선임에게 같아,1
거 선임에게 혼나면 자살 해버릴 또 같아,1
뛰어내릴까 그냥,1
그냥 뛰어내릴까,1
죽고싶어 목메달고,1
목메달고 죽고싶어,1
다 시발 같이 죽자,1
시발 같이 다 죽자,1
시발 죽자 같이 다,1
시발 다 같이 죽자,1
시발 다 죽자 같이,1
같이 다 시발 죽자,1
나는 왜 살아야할까,1
살아야할까 왜 나는,1
나는 살아야할까 왜,1
왜 나는 살아야할까,1
다 짜증나고 질렸어 죽고싶어,1
다 짜증나고 죽고싶어 질렸어,1
질렸어 짜증나고 다 죽고싶어,1
짜증나고 다 질렸어 죽고싶어,1
다 질렸어 짜증나고 죽고싶어,1
죽고싶어 짜증나고 질렸어 다,1
다 죽고싶어 질렸어 짜증나고,1
세상이 좋겠어 멸망했으면,1
좋겠어 멸망했으면 세상이,1
멸망했으면 세상이 좋겠어,1
세상이 멸망했으면 좋겠어,1
쉽게 자살을 못하겠어,1
쉽게 못하겠어 자살을,1
자살을 쉽게 못하겠어,1
못하겠어 자살을 쉽게,1
더이상 살아있기 힘듭니다,1
살아있기 더이상 힘듭니다,1
힘듭니다 살아있기 더이상,1
더이상 힘듭니다 살아있기,1
나쁜건가요 자살이,1
자살이 나쁜건가요,1
내가 슬퍼할 죽어도 사람은 없을거야,1
내가 죽어도 없을거야 사람은 슬퍼할,1
없을거야 죽어도 슬퍼할 사람은 내가,1
내가 없을거야 슬퍼할 사람은 죽어도,1
사람은 죽어도 슬퍼할 내가 없을거야,1
내가 죽어도 슬퍼할 없을거야 사람은,1
죽어도 내가 슬퍼할 사람은 없을거야,1
내가 죽어도 슬퍼할 사람은 없을거야,1
슬퍼할 죽어도 내가 사람은 없을거야,1
후임이 나를 맨날 무시해서 죽고싶어,1
후임이 나를 맨날 죽고싶어 무시해서,1
후임이 나를 죽고싶어 무시해서 맨날,1
맨날 나를 후임이 무시해서 죽고싶어,1
후임이 맨날 나를 무시해서 죽고싶어,1
후임이 나를 무시해서 맨날 죽고싶어,1
모든 게 마음에 안들어 죽고싶다고,1
게 모든 마음에 안들어 죽고싶다고,1
마음에 게 모든 안들어 죽고싶다고,1
안들어 게 마음에 모든 죽고싶다고,1
죽고싶다고 게 마음에 안들어 모든,1
모든 안들어 마음에 게 죽고싶다고,1
모든 게 안들어 마음에 죽고싶다고,1
모든 죽고싶다고 마음에 안들어 게,1
모든 마음에 게 안들어 죽고싶다고,1
들고 나한테 욕하는 사람들때문에 자살생각도 매일 그래,1
매일 그래 욕하는 사람들때문에 자살생각도 들고 나한테,1
나한테 매일 욕하는 사람들때문에 자살생각도 들고 그래,1
매일 나한테 욕하는 사람들때문에 자살생각도 들고 그래,1
매일 나한테 욕하는 자살생각도 사람들때문에 들고 그래,1
사람들때문에 나한테 욕하는 매일 자살생각도 들고 그래,1
매일 나한테 들고 사람들때문에 자살생각도 욕하는 그래,1
매일 사람들때문에 욕하는 나한테 자살생각도 들고 그래,1
요즘 자살생각이 끝도없이 들어,1
요즘 들어 끝도없이 자살생각이,1
요즘 끝도없이 자살생각이 들어,1
끝도없이 자살생각이 요즘 들어,1
요즘 자살생각이 들어 끝도없이,1
나를 죽여줄 없을까? 어디 사람,1
나를 죽여줄 사람 없을까? 어디,1
나를 없을까? 사람 어디 죽여줄,1
죽여줄 나를 사람 어디 없을까?,1
나를 어디 사람 죽여줄 없을까?,1
나를 죽여줄 사람 어디 없을까?,1
없을까? 죽여줄 사람 어디 나를,1
나보고 간부가 죽어버리래,1
죽어버리래 나보고 간부가,1
간부가 죽어버리래 나보고,1
간부가 나보고 죽어버리래,1
죽으면 아무 고통도 없지 않을까?,1
않을까? 아무 고통도 없지 죽으면,1
죽으면 고통도 아무 없지 않을까?,1
없지 아무 고통도 죽으면 않을까?,1
죽으면 아무 고통도 않을까? 없지,1
아무 죽으면 고통도 없지 않을까?,1
죽으면 아무 않을까? 없지 고통도,1
죽고 하 싶어 힘들어,1
하 죽고 싶어 힘들어,1
힘들어 죽고 싶어 하,1
하 죽고 힘들어 싶어,1
하 힘들어 싶어 죽고,1
하 싶어 죽고 힘들어,1
불안이 잔잔한 항상 있어왔다,2
항상 잔잔한 불안이 있어왔다,2
잔잔한 항상 불안이 있어왔다,2
있어왔다 잔잔한 불안이 항상,2
항상 불안이 잔잔한 있어왔다,2
모든일에 예민하게 신경쓰고 긴장하는 편,2
모든일에 예민하게 신경쓰고 편 긴장하는,2
모든일에 예민하게 편 긴장하는 신경쓰고,2
모든일에 신경쓰고 예민하게 긴장하는 편,2
모든일에 예민하게 긴장하는 신경쓰고 편,2
긴장하는 예민하게 신경쓰고 모든일에 편,2
모든일에 긴장하는 신경쓰고 예민하게 편,2
쉽게 긴장하고 작은 당황 일에도,2
쉽게 당황 작은 일에도 긴장하고,2
작은 긴장하고 쉽게 일에도 당황,2
쉽게 작은 긴장하고 일에도 당황,2
쉽게 긴장하고 당황 일에도 작은,2
쉽게 긴장하고 일에도 작은 당황,2
당황 긴장하고 작은 일에도 쉽게,2
쉽게 긴장하고 작은 일에도 당황,2
굉장히 불안하다,2
불안하다 굉장히,2
초조한 불안하고 것이 계속된다,2
불안하고 계속된다 것이 초조한,2
불안하고 초조한 것이 계속된다,2
불안하고 것이 초조한 계속된다,2
것이 초조한 불안하고 계속된다,2
불안하고 초조한 계속된다 것이,2
계속된다 초조한 것이 불안하고,2
죽을 들어 같은 두려움이 것,2
들어 것 같은 두려움이 죽을,2
죽을 것 같은 두려움이 들어,2
죽을 것 같은 들어 두려움이,2
같은 것 죽을 두려움이 들어,2
것 죽을 같은 두려움이 들어,2
죽을 같은 것 두려움이 들어,2
증상이 겁난다 일어날까봐 또,2
증상이 또 일어날까봐 겁난다,2
증상이 또 겁난다 일어날까봐,2
증상이 일어날까봐 또 겁난다,2
또 증상이 일어날까봐 겁난다,2
피하는 불안하여 양상으로 대처함,2
불안하여 양상으로 피하는 대처함,2
양상으로 피하는 불안하여 대처함,2
불안하여 피하는 양상으로 대처함,2
불안하여 대처함 양상으로 피하는,2
된다 그럴까봐 걱정이 또,2
또 된다 걱정이 그럴까봐,2
또 그럴까봐 된다 걱정이,2
또 그럴까봐 걱정이 된다,2
또 걱정이 그럴까봐 된다,2
그럴까봐 또 걱정이 된다,2
못한다 증상이 나타날까봐 무서워서 그런,2
증상이 그런 나타날까봐 무서워서 못한다,2
무서워서 증상이 나타날까봐 그런 못한다,2
그런 증상이 나타날까봐 무서워서 못한다,2
그런 증상이 무서워서 나타날까봐 못한다,2
나타날까봐 증상이 그런 무서워서 못한다,2
그런 무서워서 나타날까봐 증상이 못한다,2
무서워서 여행도 못한다,2
못한다 여행도 무서워서,2
무서워서 못한다 여행도,2
여행도 무서워서 못한다,2
못나가는 곳에 있으면 증상이 또 있을까봐 걱정된다,2
못나가는 곳에 걱정된다 또 증상이 있을까봐 있으면,2
못나가는 곳에 있으면 또 증상이 있을까봐 걱정된다,2
못나가는 곳에 있으면 또 걱정된다 있을까봐 증상이,2
못나가는 있을까봐 있으면 또 증상이 곳에 걱정된다,2
못나가는 곳에 또 있으면 증상이 있을까봐 걱정된다,2
증상이 곳에 있으면 또 못나가는 있을까봐 걱정된다,2
또 곳에 있으면 못나가는 증상이 있을까봐 걱정된다,2
못나가는 있으면 곳에 또 증상이 있을까봐 걱정된다,2
이런 걱정이 또 오면 어떡하나 증상이 된다,2
된다 증상이 또 오면 어떡하나 걱정이 이런,2
이런 증상이 또 된다 어떡하나 걱정이 오면,2
이런 또 증상이 오면 어떡하나 걱정이 된다,2
이런 증상이 걱정이 오면 어떡하나 또 된다,2
이런 증상이 또 오면 어떡하나 걱정이 된다,2
혼자 있다가 증상 두려움이 생길까 들었다,2
혼자 있다가 증상 생길까 두려움이 들었다,2
생길까 있다가 증상 혼자 두려움이 들었다,2
혼자 있다가 두려움이 생길까 증상 들었다,2
혼자 생길까 증상 있다가 두려움이 들었다,2
혼자 있다가 증상 들었다 두려움이 생길까,2
증상 있다가 혼자 생길까 두려움이 들었다,2
다시 불안하다 올까봐 발작이,2
다시 발작이 올까봐 불안하다,2
다시 발작이 불안하다 올까봐,2
다시 올까봐 발작이 불안하다,2
발작이 다시 올까봐 불안하다,2
불안하다 발작이 올까봐 다시,2
마비가 있어 저려오는 느낌이 오고,2
마비가 오고 저려오는 느낌이 있어,2
오고 마비가 저려오는 느낌이 있어,2
느낌이 오고 저려오는 마비가 있어,2
있어 오고 저려오는 느낌이 마비가,2
다리와 근육이나 안면 손이 굳어지다,2
안면 근육이나 다리와 손이 굳어지다,2
안면 근육이나 다리와 굳어지다 손이,2
안면 근육이나 굳어지다 손이 다리와,2
안면 굳어지다 다리와 손이 근육이나,2
손이 근육이나 다리와 안면 굳어지다,2
얼굴이 몸이 굳어지고 경직된다,2
경직된다 굳어지고 몸이 얼굴이,2
얼굴이 굳어지고 경직된다 몸이,2
얼굴이 굳어지고 몸이 경직된다,2
굳어지고 얼굴이 몸이 경직된다,2
발끝까지 머리부터 저리다,2
저리다 발끝까지 머리부터,2
머리부터 저리다 발끝까지,2
머리부터 발끝까지 저리다,2
저리다 손발이,2
손발이 저리다,2
증상 마비되는 손발이,2
손발이 마비되는 증상,2
손발이 증상 마비되는,2
마비되는 손발이 증상,2
걷는 것도 부자연스럽다,2
걷는 부자연스럽다 것도,2
것도 걷는 부자연스럽다,2
부자연스럽다 것도 걷는,2
듣는 말을 안 몸이 것 같다,2
몸이 것 안 듣는 말을 같다,2
몸이 말을 안 듣는 것 같다,2
안 말을 몸이 듣는 것 같다,2
몸이 말을 같다 듣는 것 안,2
몸이 안 말을 듣는 것 같다,2
뛴다 있어도 심장이 가민히,2
가민히 있어도 심장이 뛴다,2
있어도 가민히 심장이 뛴다,2
가민히 있어도 뛴다 심장이,2
가민히 뛴다 심장이 있어도,2
가민히 심장이 있어도 뛴다,2
가슴이 내려앉고 철렁,2
가슴이 철렁 내려앉고,2
내려앉고 철렁 가슴이,2
철렁 가슴이 내려앉고,2
심장이 뛰는 심하게 멈췄다 느낌,2
심장이 멈췄다 뛰는 심하게 느낌,2
심장이 느낌 심하게 뛰는 멈췄다,2
심장이 멈췄다 느낌 뛰는 심하게,2
심장이 멈췄다 심하게 뛰는 느낌,2
느낌 멈췄다 심하게 뛰는 심장이,2
심장이 심하게 멈췄다 뛰는 느낌,2
심장이 멈췄다 심하게 느낌 뛰는,2
뛰고 가슴이 갑자기,2
갑자기 뛰고 가슴이,2
갑자기 가슴이 뛰고,2
심장이 벌렁거리다,2
벌렁거리다 심장이,2
진땀이 손에 나다,2
손에 진땀이 나다,2
손에 나다 진땀이,2
나다 진땀이 손에,2
식은 땀나다,2
땀나다 식은,2
손발이 축축해지다,2
축축해지다 손발이,2
손발이 떨리다,2
떨리다 손발이,2
손발에 경련,2
경련 손발에,2
가슴이 답답하다,2
답답하다 가슴이,2
답답해서 수 견딜 없다,2
답답해서 견딜 수 없다,2
답답해서 견딜 없다 수,2
수 견딜 답답해서 없다,2
답답해서 없다 수 견딜,2
온다. 호흡곤란이,2
호흡곤란이 온다.,2
숨이 막히는 증상이 있어,2
숨이 증상이 막히는 있어,2
막히는 숨이 증상이 있어,2
있어 막히는 증상이 숨이,2
숨이 막히는 있어 증상이,2
숨이 있어 증상이 막히는,2
증상이 막히는 숨이 있어,2
것 쉬어도 쉰 숨을 같지가 않고,2
쉰 쉬어도 숨을 것 같지가 않고,2
같지가 쉬어도 쉰 것 숨을 않고,2
숨을 쉬어도 것 쉰 같지가 않고,2
숨을 쉬어도 쉰 것 같지가 않고,2
쉬어도 숨을 쉰 것 같지가 않고,2
숨을 같지가 쉰 것 쉬어도 않고,2
숨을 쉬어도 쉰 같지가 것 않고,2
숨이 막 차,2
막 차 숨이,2
막 숨이 차,2
숨이 쉬어지는 안 것 같다,2
숨이 안 쉬어지는 것 같다,2
숨이 같다 쉬어지는 것 안,2
숨이 것 쉬어지는 안 같다,2
것 안 쉬어지는 숨이 같다,2
같다 안 쉬어지는 것 숨이,2
느낌 막히고 목이 조이고 불편한 숨이,2
숨이 막히고 목이 조이고 불편한 느낌,2
조이고 막히고 목이 숨이 불편한 느낌,2
숨이 막히고 불편한 조이고 목이 느낌,2
숨이 막히고 목이 느낌 불편한 조이고,2
숨이 막히고 느낌 조이고 불편한 목이,2
숨이 목이 막히고 조이고 불편한 느낌,2
목이 막히고 숨이 조이고 불편한 느낌,2
막히고 숨이 목이 조이고 불편한 느낌,2
몰아쉬어 숨을,2
숨을 몰아쉬어,2
가쁘다 어렵고  숨이 숨쉬기,2
숨쉬기 어렵고  숨이 가쁘다,2
어렵고 숨쉬기  숨이 가쁘다,2
숨쉬기  어렵고 숨이 가쁘다,2
숨쉬기 어렵고  가쁘다 숨이,2
 어렵고 숨쉬기 숨이 가쁘다,2
숨쉬기 숨이  어렵고 가쁘다,2
터질 가슴이 것 같다,2
가슴이 터질 같다 것,2
가슴이 터질 것 같다,2
가슴이 것 터질 같다,2
것 터질 가슴이 같다,2
가슴이 같다 것 터질,2
안된다 호흡이,2
호흡이 안된다,2
차오르고 호흡이 숨이 안 쉬어지는 증상,2
호흡이 쉬어지는 숨이 안 차오르고 증상,2
증상 차오르고 숨이 안 쉬어지는 호흡이,2
호흡이 안 숨이 차오르고 쉬어지는 증상,2
호흡이 차오르고 숨이 증상 쉬어지는 안,2
호흡이 증상 숨이 안 쉬어지는 차오르고,2
호흡이 차오르고 숨이 안 쉬어지는 증상,2
쉬어지는 차오르고 숨이 안 호흡이 증상,2
차오르는 머리위로 숨이 느낌,2
숨이 머리위로 차오르는 느낌,2
숨이 느낌 차오르는 머리위로,2
느낌 머리위로 차오르는 숨이,2
머리위로 숨이 차오르는 느낌,2
숨이 머리위로 느낌 차오르는,2
산소가 같은 질식할 것 부족하고 느낌,2
질식할 부족하고 산소가 것 같은 느낌,2
산소가 부족하고 질식할 것 느낌 같은,2
산소가 부족하고 질식할 것 같은 느낌,2
산소가 질식할 부족하고 것 같은 느낌,2
산소가 부족하고 질식할 같은 것 느낌,2
느낌 부족하고 질식할 것 같은 산소가,2
산소가 느낌 질식할 것 같은 부족하고,2
토할 같다 것,2
같다 것 토할,2
것 토할 같다,2
토할 것 같다,2
쓰리다 속이,2
속이 쓰리다,2
배가 아프다,2
아프다 배가,2
배가 자주 아파 화장실에 자주 간다,2
배가 자주 아파 화장실에 간다 자주,2
배가 간다 아파 화장실에 자주 자주,2
간다 자주 아파 화장실에 자주 배가,2
아파 자주 배가 화장실에 자주 간다,2
배가 자주 간다 화장실에 자주 아파,2
배가 아파 자주 화장실에 자주 간다,2
화장실에 자주 아파 배가 자주 간다,2
배가 화장실에 아파 자주 자주 간다,2
힘이 빠지고 같다 것 기절할,2
힘이 빠지고 것 기절할 같다,2
것 빠지고 기절할 힘이 같다,2
힘이 기절할 빠지고 것 같다,2
같다 빠지고 기절할 것 힘이,2
힘이 같다 기절할 것 빠지고,2
힘이 빠지고 기절할 것 같다,2
기절할 빠지고 힘이 것 같다,2
의식을 놓을 것 같고 정신을  놓을 지도 모르겠다,2
의식을 놓을 것 같고  정신을 놓을 지도 모르겠다,2
의식을 놓을 모르겠다 같고  정신을 놓을 지도 것,2
의식을 놓을  같고 것 정신을 놓을 지도 모르겠다,2
의식을 지도 것 같고  정신을 놓을 놓을 모르겠다,2
의식을 모르겠다 것 같고  정신을 놓을 지도 놓을,2
의식을 놓을 같고 것  정신을 놓을 지도 모르겠다,2
의식을 놓을 것 같고  놓을 정신을 지도 모르겠다,2
의식을 놓을 놓을 같고  정신을 것 지도 모르겠다,2
긴장감이 쓰러짐 높아져,2
긴장감이 높아져 쓰러짐,2
쓰러짐 높아져 긴장감이,2
정도였다 실신할,2
실신할 정도였다,2
어지럼증을 느낀다,2
느낀다 어지럼증을,2
어지럽고 띵한 느낌이 있다,2
어지럽고 띵한 있다 느낌이,2
어지럽고 느낌이 띵한 있다,2
느낌이 띵한 어지럽고 있다,2
어지럽고 있다 느낌이 띵한,2
있다 띵한 느낌이 어지럽고,2
바닥이 올라왔다가 내려가는 것 같다.,2
같다. 올라왔다가 내려가는 것 바닥이,2
바닥이 올라왔다가 것 내려가는 같다.,2
바닥이 것 내려가는 올라왔다가 같다.,2
올라왔다가 바닥이 내려가는 것 같다.,2
바닥이 올라왔다가 내려가는 같다. 것,2
바닥이 같다. 내려가는 것 올라왔다가,2
것 올라왔다가 내려가는 바닥이 같다.,2
팔다리 열감냉감,2
열감냉감 팔다리,2
얼굴이 빨개지고 이상한 시린 뜨겁고 느낌,2
얼굴이 빨개지고 뜨겁고 느낌 이상한 시린,2
얼굴이 빨개지고 느낌 시린 이상한 뜨겁고,2
이상한 빨개지고 뜨겁고 시린 얼굴이 느낌,2
얼굴이 빨개지고 시린 뜨겁고 이상한 느낌,2
느낌 빨개지고 뜨겁고 시린 이상한 얼굴이,2
얼굴이 빨개지고 뜨겁고 시린 이상한 느낌,2
얼굴이 빨개지고 뜨겁고 이상한 시린 느낌,2
가슴과 뜨거워지는 배가 증상,2
배가 가슴과 뜨거워지는 증상,2
뜨거워지는 배가 가슴과 증상,2
가슴과 배가 뜨거워지는 증상,2
가슴과 증상 뜨거워지는 배가,2
오르는 열이 느낌,2
느낌 오르는 열이,2
열이 느낌 오르는,2
열이 오르는 느낌,2
얼굴이 화끈거리다,2
화끈거리다 얼굴이,2
몸에서 열이나다,2
열이나다 몸에서,2
현실이 것 아닌 같은 느낌,2
현실이 아닌 것 같은 느낌,2
현실이 느낌 것 같은 아닌,2
같은 아닌 것 현실이 느낌,2
것 아닌 현실이 같은 느낌,2
현실이 아닌 같은 것 느낌,2
아닌 현실이 것 같은 느낌,2
미칠 고통스럽다 같고 것,2
것 미칠 같고 고통스럽다,2
고통스럽다 것 같고 미칠,2
미칠 것 같고 고통스럽다,2
같고 것 미칠 고통스럽다,2
미칠 같고 것 고통스럽다,2
정신 못차리게 무섭고  미칠것 답답해서 같다,2
정신 답답해서 무섭고  못차리게 미칠것 같다,2
정신 못차리게 무섭고  같다 미칠것 답답해서,2
정신 못차리게 무섭고  답답해서 미칠것 같다,2
 못차리게 무섭고 정신 답답해서 미칠것 같다,2
정신 미칠것 무섭고  답답해서 못차리게 같다,2
정신 무섭고 못차리게  답답해서 미칠것 같다,2
정신 못차리게  무섭고 답답해서 미칠것 같다,2
무섭고 못차리게 정신  답답해서 미칠것 같다,2
정신 못차리게 같다  답답해서 미칠것 무섭고,2
조금만 신경을 같다. 미칠것 쓰면,2
조금만 신경을 미칠것 쓰면 같다.,2
조금만 신경을 쓰면 같다. 미칠것,2
조금만 신경을 쓰면 미칠것 같다.,2
신경을 조금만 쓰면 미칠것 같다.,2
조금만 같다. 쓰면 미칠것 신경을,2
쓰면 신경을 조금만 미칠것 같다.,2
굉장히 불안해,2
불안해 굉장히,2
초조한 불안하고 것이 계속돼,2
것이 초조한 불안하고 계속돼,2
계속돼 초조한 것이 불안하고,2
불안하고 초조한 것이 계속돼,2
불안하고 계속돼 것이 초조한,2
불안하고 것이 초조한 계속돼,2
불안하고 초조한 계속돼 것이,2
겁나 또 일어날까봐 증상이,2
증상이 또 겁나 일어날까봐,2
증상이 일어날까봐 또 겁나,2
증상이 겁나 일어날까봐 또,2
증상이 또 일어날까봐 겁나,2
일어날까봐 또 증상이 겁나,2
또 그럴까봐 걱정이 돼,2
걱정이 그럴까봐 또 돼,2
또 돼 걱정이 그럴까봐,2
돼 그럴까봐 걱정이 또,2
그럴까봐 또 걱정이 돼,2
또 걱정이 그럴까봐 돼,2
그런 증상이 나타날까봐 무서워서 못해,2
그런 증상이 나타날까봐 못해 무서워서,2
그런 못해 나타날까봐 무서워서 증상이,2
그런 증상이 못해 무서워서 나타날까봐,2
나타날까봐 증상이 그런 무서워서 못해,2
그런 무서워서 나타날까봐 증상이 못해,2
그런 증상이 무서워서 나타날까봐 못해,2
무서워서 증상이 나타날까봐 그런 못해,2
여행도 무서워서 못해,2
무서워서 여행도 못해,2
못해 여행도 무서워서,2
무서워서 못해 여행도,2
못나가는 곳에 있으면 증상이 또 있을까봐 걱정돼,2
곳에 못나가는 있으면 또 증상이 있을까봐 걱정돼,2
못나가는 곳에 있으면 또 증상이 있을까봐 걱정돼,2
못나가는 곳에 증상이 또 있으면 있을까봐 걱정돼,2
못나가는 걱정돼 있으면 또 증상이 있을까봐 곳에,2
못나가는 곳에 있으면 있을까봐 증상이 또 걱정돼,2
못나가는 곳에 있을까봐 또 증상이 있으면 걱정돼,2
있으면 곳에 못나가는 또 증상이 있을까봐 걱정돼,2
이런 걱정이 또 오면 어떡하나 증상이 돼,2
오면 증상이 또 이런 어떡하나 걱정이 돼,2
어떡하나 증상이 또 오면 이런 걱정이 돼,2
이런 증상이 또 오면 걱정이 어떡하나 돼,2
돼 증상이 또 오면 어떡하나 걱정이 이런,2
이런 증상이 또 오면 어떡하나 걱정이 돼,2
이런 증상이 오면 또 어떡하나 걱정이 돼,2
혼자 있다가 생길까 증상 두려움이 들었어,2
생길까 있다가 증상 혼자 두려움이 들었어,2
혼자 두려움이 증상 생길까 있다가 들었어,2
들었어 있다가 증상 생길까 두려움이 혼자,2
혼자 있다가 두려움이 생길까 증상 들었어,2
혼자 있다가 증상 생길까 두려움이 들었어,2
혼자 있다가 증상 들었어 두려움이 생길까,2
혼자 있다가 들었어 생길까 두려움이 증상,2
혼자 생길까 증상 있다가 두려움이 들었어,2
다시 올까봐 발작이 불안해,2
발작이 다시 올까봐 불안해,2
올까봐 발작이 다시 불안해,2
다시 발작이 올까봐 불안해,2
얼굴이 굳어지고 몸이 경직돼,2
얼굴이 경직돼 몸이 굳어지고,2
굳어지고 얼굴이 몸이 경직돼,2
얼굴이 굳어지고 경직돼 몸이,2
몸이 굳어지고 얼굴이 경직돼,2
경직돼 굳어지고 몸이 얼굴이,2
걷는 것도 부자연스러워,2
것도 걷는 부자연스러워,2
걷는 부자연스러워 것도,2
부자연스러워 것도 걷는,2
몸이 말을 것 듣는 안 같아,2
몸이 안 말을 듣는 것 같아,2
같아 말을 안 듣는 것 몸이,2
몸이 말을 안 듣는 같아 것,2
몸이 말을 안 것 듣는 같아,2
몸이 듣는 안 말을 것 같아,2
듣는 말을 안 몸이 것 같아,2
몸이 말을 안 듣는 것 같아,2
답답해 가슴이,2
가슴이 답답해,2
답답해서 견딜 수 없어,2
없어 견딜 수 답답해서,2
견딜 답답해서 수 없어,2
답답해서 견딜 없어 수,2
답답해서 수 견딜 없어,2
호흡곤란이 와.,2
와. 호흡곤란이,2
숨이 안 쉬어지는 같아 것,2
숨이 안 것 쉬어지는 같아,2
숨이 안 쉬어지는 것 같아,2
숨이 쉬어지는 안 것 같아,2
같아 안 쉬어지는 것 숨이,2
것 안 쉬어지는 숨이 같아,2
쉬어지는 안 숨이 것 같아,2
숨이 같아 쉬어지는 것 안,2
가슴이 것 터질 같아,2
것 터질 가슴이 같아,2
같아 터질 것 가슴이,2
가슴이 터질 것 같아,2
안돼 호흡이,2
호흡이 안돼,2
토할 같아 것,2
것 토할 같아,2
같아 것 토할,2
토할 것 같아,2
같아 난 것 배탈이,2
난 배탈이 것 같아,2
것 난 배탈이 같아,2
배탈이 난 것 같아,2
배탈이 같아 것 난,2
배탈이 것 난 같아,2
힘이 빠지고  기절할 같아 것,2
힘이 기절할  빠지고 것 같아,2
힘이 것  기절할 빠지고 같아,2
힘이 빠지고  기절할 것 같아,2
 빠지고 힘이 기절할 것 같아,2
빠지고 힘이  기절할 것 같아,2
힘이 빠지고 같아 기절할 것 ,2
것 빠지고  기절할 힘이 같아,2
의식을 놓을 것 정신을  같고 놓을 지도 모르겠어,2
의식을 놓을 것  같고 정신을 놓을 지도 모르겠어,2
의식을 놓을 것 같고 놓을 정신을  지도 모르겠어,2
의식을 놓을 것 같고 지도 정신을 놓을  모르겠어,2
의식을 놓을 것 같고 모르겠어 정신을 놓을 지도 ,2
의식을 놓을 것 같고  정신을 놓을 모르겠어 지도,2
의식을 놓을 것 지도  정신을 놓을 같고 모르겠어,2
의식을 놓을 놓을 같고  정신을 것 지도 모르겠어,2
의식을 놓을 것 같고  정신을 놓을 지도 모르겠어,2
실신할 정도였어,2
정도였어 실신할,2
어지럼증을 느껴,2
느껴 어지럼증을,2
있어 띵한 느낌이 어지럽고,2
느낌이 띵한 어지럽고 있어,2
어지럽고 있어 느낌이 띵한,2
어지럽고 띵한 느낌이 있어,2
어지럽고 띵한 있어 느낌이,2
어지럽고 느낌이 띵한 있어,2
미칠 것 같고 고통스러워,2
미칠 같고 것 고통스러워,2
같고 것 미칠 고통스러워,2
미칠 것 고통스러워 같고,2
것 미칠 같고 고통스러워,2
 못차리게 무섭고 정신 답답해서 미칠것 같아,2
답답해서 못차리게 무섭고  정신 미칠것 같아,2
무섭고 못차리게 정신  답답해서 미칠것 같아,2
정신 답답해서 무섭고  못차리게 미칠것 같아,2
정신 못차리게 같아  답답해서 미칠것 무섭고,2
정신 못차리게 무섭고  답답해서 같아 미칠것,2
정신 같아 무섭고  답답해서 미칠것 못차리게,2
정신 못차리게 무섭고  답답해서 미칠것 같아,2
정신 못차리게 미칠것  답답해서 무섭고 같아,2
조금만 신경을 쓰면 같아. 미칠것,2
같아. 신경을 쓰면 미칠것 조금만,2
신경을 조금만 쓰면 미칠것 같아.,2
미칠것 신경을 쓰면 조금만 같아.,2
쓰면 신경을 조금만 미칠것 같아.,2
조금만 쓰면 신경을 미칠것 같아.,2
조금만 신경을 쓰면 미칠것 같아.,2
불안하고 손이 막 떨려,2
불안하고 떨려 막 손이,2
불안하고 막 손이 떨려,2
막 손이 불안하고 떨려,2
힘들어 호흡이 답답하고 가끔,2
호흡이 가끔 답답하고 힘들어,2
가끔 답답하고 호흡이 힘들어,2
가끔 호흡이 힘들어 답답하고,2
가끔 힘들어 답답하고 호흡이,2
가끔 호흡이 답답하고 힘들어,2
답답하고 호흡이 가끔 힘들어,2
사람들이 많으면 숨이 막혀,2
사람들이 막혀 숨이 많으면,2
사람들이 숨이 많으면 막혀,2
막혀 많으면 숨이 사람들이,2
숨이 많으면 사람들이 막혀,2
뛰고 있어도 심장이 빠르게 가만히 그래,2
그래 있어도 심장이 빠르게 뛰고 가만히,2
가만히 있어도 심장이 빠르게 뛰고 그래,2
가만히 있어도 심장이 뛰고 빠르게 그래,2
가만히 심장이 있어도 빠르게 뛰고 그래,2
가만히 있어도 심장이 그래 뛰고 빠르게,2
가만히 뛰고 심장이 빠르게 있어도 그래,2
잠이 안오고 안좋은 생각들이 떠올라 막,2
잠이 안오고 막 생각들이 안좋은 떠올라,2
잠이 안오고 안좋은 생각들이 막 떠올라,2
잠이 안오고 생각들이 안좋은 막 떠올라,2
잠이 막 안좋은 생각들이 안오고 떠올라,2
잠이 생각들이 안좋은 안오고 막 떠올라,2
가슴이 답답한 많아 순간들이,2
답답한 가슴이 순간들이 많아,2
순간들이 답답한 가슴이 많아,2
가슴이 많아 순간들이 답답한,2
가슴이 답답한 순간들이 많아,2
많아 답답한 순간들이 가슴이,2
가슴이 순간들이 답답한 많아,2
누군가가 느낌이야 쫓아오고 있는 날,2
날 누군가가 쫓아오고 있는 느낌이야,2
누군가가 날 쫓아오고 있는 느낌이야,2
누군가가 날 있는 쫓아오고 느낌이야,2
있는 날 쫓아오고 누군가가 느낌이야,2
누군가가 있는 쫓아오고 날 느낌이야,2
쫓아오고 날 누군가가 있는 느낌이야,2
사람들이 나만 쳐다보는 같아 것,2
사람들이 나만 것 쳐다보는 같아,2
사람들이 것 쳐다보는 나만 같아,2
사람들이 나만 쳐다보는 것 같아,2
나만 사람들이 쳐다보는 것 같아,2
사람들이 같아 쳐다보는 것 나만,2
혼자 손발이 서면 무섭고 근무를 떨려,2
손발이 근무를 서면 무섭고 혼자 떨려,2
혼자 근무를 서면 떨려 손발이 무섭고,2
혼자 근무를 서면 무섭고 손발이 떨려,2
혼자 근무를 서면 손발이 무섭고 떨려,2
혼자 떨려 서면 무섭고 손발이 근무를,2
